,Armed Actors/ Security Personnel Casualties Total,Civilian Casualties Total,Civilians Injured,Civilians Killed,Country,Date,Description,Location,Province
213,11,0,0,0,Afghanistan,06/06/2020,11 police killed in roadside bomb blast in Khash district,Road,Badakhshan
245,3,0,0,0,Afghanistan,15/06/2020,Roadside bomb kills 2 pro-government militia and 1 injured in Argo district,No Information,Badakhshan
420,6,0,0,0,Afghanistan,14/08/2020,Roadside bomb explosion in Rezakan area of Argo district killed 4 soldier and wounded 2,Road,Badakhshan
26,0,5,0,5,Afghanistan,01/02/2020,Woman and 2 children killed by airstrike or roadside bomb in Badghis,Village,Badghis
28,5,0,0,0,Afghanistan,31/01/2020,5 Taliban killed in airstrike on Badghis,No Information,Badghis
59,0,6,5,1,Afghanistan,17/02/2020,6 injured in roadside bomb blast in Badghis province,Village,Badghis
81,3,0,0,0,Afghanistan,24/02/2020,3 border security killed in roadside bomb blast in Jawand district,Road,Badghis
96,8,0,0,0,Afghanistan,22/03/2020,3 army soldiers killed in car bomb explosion in Badghis,Armed Base,Badghis
307,0,3,0,3,Afghanistan,18/07/2020,"Roadside bomb kills 3, including a child, in Badghis",Road,Badghis
346,29,0,0,0,Afghanistan,13/07/2020,13 Taliban killed in Afghan iarstrikes in Badghis,No Information,Badghis
350,0,2,0,2,Afghanistan,08/07/2020,Roadside bomb kills 2 children in village of Gandah Ab in Ab Kamari ,Village,Badghis
412,0,10,6,4,Afghanistan,19/08/2020,4 killed and 6 wounded in Afghan sirstrikes on Badghisi village where Taliban were suspected to be sheltering,Village,Badghis
419,45,0,0,0,Afghanistan,16/08/2020,25 Taliaban killed and 20 injured in airstrike in Badghis,No Information,Badghis
426,0,6,2,4,Afghanistan,03/08/2020,Afghan mortar fire hits homs in Bala Murghab District killing 4,Urban Residential,Badghis
450,5,0,0,0,Afghanistan,13/09/2020,5 soldiers killed in roadside bomb blast in Badghis,Road,Badghis
615,13,0,0,0,Afghanistan,28/11/2020,13 Taliban killed in Afghan airstrikes in Badghis,No Information,Badghis
622,9,0,0,0,Afghanistan,30/11/2020,Senior official from Afghan armed forces killed in mortar shelling in Badghis,Armed Base,Badghis
645,0,7,5,2,Afghanistan,07/11/2020,2 killed and 5 injured in bomb explosion in Qala-e-Naw city,No Information,Badghis
142,19,0,0,0,Afghanistan,30/03/2020,19 Taliban killed in Afghan airstrikes in Baghlan,No Information,Baghlan
274,4,0,0,0,Afghanistan,18/06/2020,3 police killed and 1 wounded by roadside bomb as they respond to attack in Baghlan,Road,Baghlan
287,7,0,0,0,Afghanistan,03/07/2020,2 police killed and 5 injured in roadside bomb explosion in Baghlan,Road,Baghlan
325,0,1,0,1,Afghanistan,27/07/2020,12yo boy killed by pressure-plate IED in Pul-e-Khumri ,No Information,Baghlan
353,10,0,0,0,Afghanistan,05/08/2020,9 security guards killed when vehicle hit roadside bomb in Baghlan,Road,Baghlan
387,0,10,0,10,Afghanistan,24/08/2020,Airstrike in Baghlan kills 10 people in religious school,School,Baghlan
424,3,0,0,0,Afghanistan,07/08/2020,"Taliban roadside bomb in the Shahr-e-Kohna area of Baghlan-e-Markazi District, killing one soldier ",Road,Baghlan
579,15,0,0,0,Afghanistan,08/11/2020,8 Taliban killed in airstrike on Baghlan province,No Information,Baghlan
665,1,0,0,0,Afghanistan,16/12/2020,1 police killed in landmine blast in Baghlan province,No Information,Baghlan
20,0,9,2,7,Afghanistan,25/01/2020,6 killed in Afghan airstrikes on villages in Balkh,Village,Balkh
31,0,3,0,3,Afghanistan,13/01/2020,"Afghan mortar fire kills 3, including young girl in Balkh",Village,Balkh
33,3,0,0,0,Afghanistan,06/02/2020,3 Taliban killed in Afghan airstrike on Chimtal district,No Information,Balkh
40,1,0,0,0,Afghanistan,09/02/2020,Taliban leader killed in airstrike in chemtal district,Village,Balkh
50,2,0,0,0,Afghanistan,07/02/2020,2 soldiers killed trying to defuse bomb in Balkh,Road,Balkh
52,9,0,0,0,Afghanistan,13/02/2020,9 taliban killed in airstrike in Balkh province,No Information,Balkh
70,1,0,0,0,Afghanistan,27/02/2020,Policeman killed in roadside bomb blast in Balkh,Village,Balkh
159,16,0,0,0,Afghanistan,04/05/2020,16 Taliban killed in Balkh province's Koshinda district,No Information,Balkh
173,0,20,11,9,Afghanistan,11/05/2020,9 civilians killed and 11 injured according to local residents in Balkh - Afghanistan confirm at least 2 injured,Road,Balkh
178,30,0,0,0,Afghanistan,13/05/2020,17 Taliban killed in airstrike in Balkh district - civilians may also have been killed ,No Information,Balkh
217,4,1,0,1,Afghanistan,09/06/2020,Governor and 4 militiamen killed in bomb attack in Balkh province,No Information,Balkh
261,0,1,1,0,Afghanistan,01/07/2020,Roadside bomb explosion in Mazar-e-Sharif city wounds 1,Urban Residential,Balkh
281,5,0,0,0,Afghanistan,11/06/2020,Roadside bomb blast kills 1 soldier and wounds 4 in Balkh,Road,Balkh
303,8,0,0,0,Afghanistan,14/07/2020,8 Taliban killed in airstrike in Balkh province ,Armed Base,Balkh
384,8,0,0,0,Afghanistan,25/08/2020,Car bomb explosion near Balkh district killed 1 soldier and injured 6 near to compound,Armed Base,Balkh
388,9,38,35,3,Afghanistan,25/08/2020,2 commandos and civilian killed in suicide truck bomb in Balkh,Urban Residential,Balkh
591,11,0,0,0,Afghanistan,10/11/2020,5 Taliban killed and 6 injured in airstrike on Timorak village of Chaharbolak district of Balkh province,Village,Balkh
594,4,0,0,0,Afghanistan,13/11/2020,Deputy commander of border brigade killed in roadside bomb blast in Balkh,Road,Balkh
608,10,0,0,0,Afghanistan,23/11/2020,6 Taliban killed and 4 injured in Afghan airstrike in Balkh,Armed Base,Balkh
673,0,4,0,4,Afghanistan,19/12/2020,4 killed in roadside bomb blast in northern Balkh province,Village,Balkh
688,1,0,0,0,Afghanistan,26/12/2020,Army officer hits roadside bomb in northern Balkh province,Road,Balkh
609,28,3,0,3,Afghanistan,23/11/2020,15 Taliban killed in airstrikes by Afghan forces on hideouts in Gizab district village - 3 civilians also killed,Village,"Daikundi 
OR
Urozgan"
0,0,3,0,3,Afghanistan,01/01/2020,3 killed by roadside bomb in Farah city when car hits bomb,Urban Residential,Farah
12,2,0,0,0,Afghanistan,15/01/2020,2 taliban killed in airstrike conducted in Poshtro district of Farah province,No Information,Farah
41,0,5,0,5,Afghanistan,08/02/2020,5 businesspeople killed in airstrike while travelling in Abu nasr farahi port ,Village,farah
116,0,2,1,1,Afghanistan,20/04/2020,Roadside bomb kills 1 and injures 1 in Farah - Taliban suspected,Village,Farah
175,0,7,3,4,Afghanistan,12/05/2020,2 children killed in mortar attack in Farah province,Village,Farah
212,16,0,0,0,Afghanistan,04/06/2020,16 Taliban killed in US airstrike on Farah province,Armed Base,Farah
363,6,15,15,0,Afghanistan,12/08/2020,4 police killed and 16 injured in bomb explosion in police station in Farah,Urban Residential,Farah
18,5,0,0,0,Afghanistan,22/01/2020,Military commander and bodyguard killed in roadside bomb in Faryab,No Information,Faryab
38,0,5,1,4,Afghanistan,06/02/2020,Taliban mortar kills 4 civilians in Faryab,Urban Residential,Faryab
118,1,6,6,0,Afghanistan,26/03/2020,Taliban rocket attack kills 1 security member and wounds 6 in Faryab in attack on Almar District center,Town Centre,Faryab
140,0,2,0,2,Afghanistan,03/04/2020,2 children killed when rocket hits home in Faryab,Urban Residential,Faryab
152,0,2,1,1,Afghanistan,25/04/2020,Roadside bomb killed a child and injured another civilian in Almar district,No Information,Faryab
264,4,0,0,0,Afghanistan,28/06/2020,2 soldiers killed trying to defuse bomb in Faryab,Town Centre,Faryab
322,0,14,10,4,Afghanistan,24/07/2020,4 killed in mortar attacks by Taliban in Shirin Tagab and Dawlat Abad districts of Faryab,Multiple (urban),Faryab
367,8,1,1,0,Afghanistan,19/08/2020,4 Taliban killed in northern Faryab on meeting of shadow governors,Village,Faryab
396,11,0,0,0,Afghanistan,31/08/2020,8 Taliban killed and 3 injured in airstrikes in Faryab,No Information,Faryab
484,2,0,0,0,Afghanistan,07/09/2020,Grenade thrown at police HQ in Shirin Tagab district kills 1 police officer,No Information,Faryab
525,0,18,14,4,Afghanistan,22/10/2020,4 killed and 14 injured in Shelling on local bazaar in Faryab,Market,Faryab
585,9,10,10,0,Afghanistan,10/11/2020,4 police dead and 10 civilians injured by car bomb next to police base in Almar district - followed by gunfire,Police Station,Faryab
599,3,0,0,0,Afghanistan,16/11/2020,3 police injured in car bomb explosion in Faryab province,Market,Faryab
625,2,0,0,0,Afghanistan,05/12/2020,2 soldiers killed in roadside bomb explosion in Faryab,Road,Faryab
710,0,2,0,2,Afghanistan,11/12/2020,2 children killed in Afghan rocket firce in Qurghan Tepa area,Urban Residential,Faryab
15,11,0,0,0,Afghanistan,21/01/2020,Airstrike on Taliban kills 11 in Ghazni province's Ghelan district,Road,Ghazni
46,5,0,0,0,Afghanistan,11/02/2020,Roadside bomb kills 4 police in Nawa District,Road,Ghazni
62,1,0,0,0,Afghanistan,19/02/2020,1 Taliban killed in airstrike on Deh Yak district,No Information,Ghazni
92,4,1,0,1,Afghanistan,23/03/2020,4 police and 1 civilian killed in roadside bomb blast in Ghazni,Road,Ghazni
147,0,4,0,4,Afghanistan,21/04/2020,4 civilians killed and roadside bomb blast on road to Ghazni,Road,Ghazni
149,0,5,0,5,Afghanistan,22/04/2020,5 killed in roadside bombing in Ghazni,Road,Ghazni
156,0,5,0,5,Afghanistan,29/04/2020,5 killed in roadside blast in Ghazni's Andar district ,Road,Ghazni
180,0,3,1,2,Afghanistan,15/05/2020,2 children killed and 1 child injured in roadside bomb blast in Ghazni,Village,Ghazni
182,50,0,0,0,Afghanistan,18/05/2020,9 force members killed in Taliban suicide attack targetting intelligence base in Ghazni,Armed Base,Ghazni
200,0,4,1,3,Afghanistan,01/06/2020,Roadside bomb kills 3 in Ghazni's Nazar Khan area,Road,Ghazni
243,0,7,3,4,Afghanistan,16/06/2020,Mortar shell in Ghazni kills 4 children and 3 injured as it lands where they are playing,No Information,Ghazni
255,13,0,0,0,Afghanistan,28/06/2020,10 Tlaiban killed in airstrike on Ghazni province targeting Taliban gathering,Village,Ghazni
295,3,0,0,0,Afghanistan,08/07/2020,3 police killed in roadside bomb blast in Dehyak district,Road,Ghazni
297,0,3,1,2,Afghanistan,09/07/2020,2 killed and 1 injured in roadside bomb blast in Ghazni,Road,Ghazni
308,0,4,4,0,Afghanistan,16/07/2020,4 civilians wounded in rocket attaks on Ghazni city,Commercial Premises,Ghazni
338,0,3,0,3,Afghanistan,23/07/2020,3 killed in roadside bomb blast in Arzo area in Ghaznicity,Urban Residential,Ghazni
355,0,23,16,7,Afghanistan,08/08/2020,7 killed and 16 injured in car bombing targeting police centre in Ghazni,Police Station,Ghazni
467,0,3,0,3,Afghanistan,28/09/2020,3 killed in rocket attack by Taliban on residential area in Ghazni,Urban Residential,Ghazni
526,2,9,0,9,Afghanistan,24/10/2020,9 civilians killed and 2 police wounded in IED blast in Ghazni,Urban Residential,Ghazni
536,9,0,0,0,Afghanistan,30/10/2020,9 Taliban killed in Afghan airstrike in Nawa district,No Information,Ghazni
574,4,0,0,0,Afghanistan,05/10/2020,"Military vehicle was blown up by a roadside bomb in Basalan area of Nawa District, killing two police",Road,Ghazni
580,0,15,7,8,Afghanistan,08/11/2020,8 civilians killed by Taliban mortar shelling on residential areas in Ghazni,Urban Residential,Ghazni
619,55,0,0,0,Afghanistan,29/11/2020,Carbomb in Ghazni killed 30 Afghan security force members - some report different figures later,No Information,Ghazni
621,7,0,0,0,Afghanistan,30/11/2020,7 fighters killed in airstrike in Ghazni province,No Information,Ghazni
623,0,4,2,2,Afghanistan,01/12/2020,2 children killed and 2 injured in airstrike in Ghazni,Multiple (urban),Ghazni
629,6,0,0,0,Afghanistan,09/12/2020,3 soldiers killed and 2 injured in car bomb at operating base in Ghazni,Armed Base,Ghazni
675,0,5,3,2,Afghanistan,21/12/2020,2 killed and another wounded in IED blast in Muqur district,Village,Ghazni
694,4,0,0,0,Afghanistan,25/12/2020,4 Al Qaeda killed in airstrike in Nawa district ,No Information,Ghazni
703,12,0,0,0,Afghanistan,23/12/2020,Afghan airstrike on Taliban forces in Nawa killed 2 commandos and 2 soldiers,Road,Ghazni
125,0,11,10,1,Afghanistan,18/03/2020,1 killed and 10 injured in roadside bomb blast in village in Ghor,Village,Ghor
342,4,0,0,0,Afghanistan,22/07/2020,4 soldiers were killed when their Humvee hit a roadside bomb in the Dand-e-Ghori area,Road,Ghor
410,2,0,0,0,Afghanistan,20/08/2020,Motorcycle hits roadside bomb in Ghor's Badgah village,Village,Ghor
513,0,9,3,6,Afghanistan,16/10/2020,6 killed and 3 injured in roadside bomb blast in Ferozkoh city,Public Transport,Ghor
517,35,132,119,13,Afghanistan,18/10/2020,Suicide car bomb kills 15 and wounded 152 in Ghor province,Public Building,Ghor
658,0,3,2,1,Afghanistan,15/12/2020,Deputy council member killed in Ghor province ,No Information,Ghor
664,0,3,2,1,Afghanistan,15/12/2020,Sticky bomb kills deputy councilor and injures 2 in Ghor,No Information,Ghor
7,3,0,0,0,Afghanistan,11/01/2020,IED blast in PD1 of Lashkargah city kills 3 police,Armed Base,Helmand
10,6,0,0,0,Afghanistan,16/01/2020,An airstrike in the Nahr-e-Saraj district in southern Helmand province which has killed at least six Taliban,No Information,Helmand
19,4,0,0,0,Afghanistan,25/01/2020,4 Taliban killed in Afghan airstrike in Helmand,No Information,Helmand
21,4,0,0,0,Afghanistan,25/01/2020,4 injured as rocket hit a military helicopter in Afghanistan's southern province of Helmand,No Information,Helmand
60,3,0,0,0,Afghanistan,19/02/2020,3 Taliban killed in airstrikes on Nahr-e Saraj district,No Information,Helmand
68,0,3,0,3,Afghanistan,25/02/2020,3 women killed in roadside bomb blast in Helmand,Road,Helmand
75,1,0,0,0,Afghanistan,07/03/2020,IED blast in Lashkargah kills 1 policeman,No Information,Helmand
113,7,0,0,0,Afghanistan,20/04/2020,4 Taliban killed and 3 injured in airstrike on Kajaki district,No Information,Helmand
130,2,0,0,0,Afghanistan,08/03/2020,Roadside bomb explosion in Lashkar Gah kills member of National Directorate of Security,Road,Helmand
155,6,1,0,1,Afghanistan,30/04/2020,Head of intelligence and bodyguard killed by roadside bomb in Helmand,Road,Helmand
256,0,63,40,23,Afghanistan,29/06/2020,23 civilians killed in rocket attack on cattle market in Helmand province,Market,Helmand
257,0,7,1,6,Afghanistan,28/06/2020,Roadside bomb in Washer district kills 6 civilians,Road,Helmand
259,0,3,1,2,Afghanistan,30/06/2020,2 killed nad 1 injured in raodside bomb explosion in Helmand,Road,Helmand
278,0,2,0,2,Afghanistan,15/06/2020,2 killed by Taliban roadside bomb in Helmand,No Information,Helmand
315,0,4,0,4,Afghanistan,21/07/2020,4 killed in 2 IED explosion in Nahri Saraaj district in Helmand ,Road,Helmand
318,12,0,0,0,Afghanistan,22/07/2020,Car bomb killed 3 soldiers and injured 6 soldiers and 3 police in Helmand,No Information,Helmand
323,5,0,0,0,Afghanistan,25/07/2020,2 soldiers killed in Helmand by car bomb near security checkpoint,Armed Base,Helmand
386,2,0,0,0,Afghanistan,23/08/2020,2 soldiers wounded in IED explosion in Lashkargah city,No Information,Helmand
395,0,2,0,2,Afghanistan,30/08/2020,2 killed in roadside bomb explosion in Nad-e-Ali district in Helmand,Village,Helmand
429,10,0,0,0,Afghanistan,31/07/2020,6 soldiers killed and 4 wounded in roadside bomb explosion in Helmand,Road,Helmand
432,7,0,0,0,Afghanistan,02/09/2020,3 Taliban killed and 4 injured in Afghan airstrike in Garmser district,No Information,Helmand
468,9,5,1,4,Afghanistan,30/09/2020,9 killed in suicide bcar bombing at military checkpoint in Helmand,Armed Base,Helmand
498,8,0,0,0,Afghanistan,06/10/2020,4 soldiers killed in car bomb attack on security post in Helmand at 11pm,Armed Base,Helmand
502,0,14,9,5,Afghanistan,10/10/2020,5 killed and 9 injured in roadside bomb explosion in Helmand when bus hits,Urban Residential,Helmand
504,30,0,0,0,Afghanistan,10/10/2020,Taliban hideouts struck by Afghan forces killing 26 in Helmand,No Information,Helmand
508,0,2,0,2,Afghanistan,14/10/2020,2 women killed in mortar shelling on home in Helmand,Urban Residential,Helmand
541,0,7,0,7,Afghanistan,02/11/2020,Roadside bomb in Helmand kills 7 when a mini bus was hit,Road,Helmand
546,11,0,0,0,Afghanistan,06/11/2020,Head of Taliban’s intelligence for Nadali district of Helmand Province was killed with 9 others in airstrike,No Information,Helmand
558,2,4,1,3,Afghanistan,21/10/2020,Bomb attached to NDS vehicle detonates in Lashkar Gah killing 2 police and 3 civilians,Urban Residential,Helmand
584,10,0,0,0,Afghanistan,10/11/2020,10 Taliban fighters killed in Afghan airstrike on Helmand,No Information,Helmand
588,0,4,3,1,Afghanistan,12/11/2020,Journalist killed in IED blast in Helmand's Lashkar Gah city,Urban Residential,Helmand
635,5,0,0,0,Afghanistan,18/11/2020,Magentic bomb attached to vehicle in Lashkar Gah explodes killing 1 NDS and wounding 4,Urban Residential,Helmand
689,2,0,0,0,Afghanistan,26/12/2020,An Afghan security official and soldier killed in roadside bomb blast in Helmand,No Information,Helmand
2,1,0,0,0,Afghanistan,08/01/2020,US drone strike kills leader of breakaway Taliban faction in Herat,Urban Residential,Herat
3,0,15,0,15,Afghanistan,08/01/2020,2nd airstrike as they gathered bodies from initial strike in Herat - some report up to 60 civilians killed or injured as well as militants,Urban Residential,Herat
24,2,0,0,0,Afghanistan,29/01/2020,2 Taliban killed in airstrike on Herat,No Information,Herat
166,28,0,0,0,Afghanistan,20/04/2020,Afghan airstrike kill 16 Taliban and injure 12 in Herat,No Information,Herat
249,6,1,1,0,Afghanistan,21/06/2020,3 police killed and 3 injured in bomb explosion in Herat,Village,Herat
263,1,0,0,0,Afghanistan,29/06/2020,Police officer killed trying to defuse IED in Herat,Village,Herat
290,6,0,0,0,Afghanistan,04/07/2020,3 police killed and 3 wounded in roadside bomb blast in Herat,Road,Herat
320,45,20,12,8,Afghanistan,22/07/2020,45 Taliban killed in airstrike in Herat province; 8 civilians reported killed,Urban Residential,Herat
324,2,0,0,0,Afghanistan,26/07/2020,2 Taliban killed in airstrikes in Shindand district ,No Information,Herat
329,0,8,6,2,Afghanistan,29/07/2020,2 killed and 6 injured in bomb attack in Herat,Urban Residential,Herat
340,0,4,2,2,Afghanistan,22/07/2020,2 killed by roadside bomb in Estow village in Herat,Village,Herat
401,1,0,0,0,Afghanistan,26/08/2020,Policer officer killed attempting to defuse roadside bomb in Herat City,Urban Residential,Herat
414,2,0,0,0,Afghanistan,18/08/2020,Police officer killed and 1 wounded in roadside bomb blast in Zawol District,No Information,Herat
503,0,12,10,2,Afghanistan,10/10/2020,2 killed and 10 injured in roadside bomb explosion on Herat-Kandahar highway when bus hits,Village,Herat
537,4,1,1,0,Afghanistan,01/11/2020,"3 police, 1 injured and 1 civilian injured in bomb blast at checkpoint in Herat",Armed Base,Herat
596,7,0,0,0,Afghanistan,16/11/2020,7 railways security guards injured in bomb blast in Herat,Road,Herat
605,0,6,3,3,Afghanistan,21/11/2020,3 killed and 3 injured in roadside bomb  on the Islam-Qala highway of western Herat ,Road,Herat
110,42,0,0,0,Afghanistan,12/04/2020,25 Taliban killed and 17 wounded in airstrikes in Jawzjan,No Information,Jowzjan
188,6,0,0,0,Afghanistan,22/05/2020,6 Taliban killed in airstrikes in Jawzjan province,No Information,Jowzjan
189,21,0,0,0,Afghanistan,21/05/2020,21 Taliban killed in airstrike in Jawzjan province,No Information,Jowzjan
251,0,6,0,6,Afghanistan,23/06/2020,6 killed in roadside bomb explosion in Mardian district,Road,Jowzjan
399,0,3,0,3,Afghanistan,25/08/2020,3 laborers killed in IED attack in Jawzjan province,No Information,Jowzjan
562,8,0,0,0,Afghanistan,16/10/2020,A missile fired by the Taliban hit a security outpost in Faizabad’s Eight Police District,Armed Base,Jowzjan
23,0,5,4,1,Afghanistan,25/01/2020,IED blast in Kabul kills 1 in PD3,Road,Kabul
43,12,7,5,2,Afghanistan,11/02/2020,2 civilians and 4 military killed in suicide attack on Kabul,Police Station,Kabul
69,0,11,10,1,Afghanistan,27/02/2020,1 killed and 10 injured in 6th district of Kabul ,Urban Residential,Kabul
76,1,0,0,0,Afghanistan,06/03/2020,Rockets land in Kabul hitting hotel and injuring a police officer,Multiple (urban),Kabul
143,1,0,0,0,Afghanistan,30/03/2020,Bomb attached to vehicle in Kabul kills head of the Gender Department of the National Directorate of Security,Road,Kabul
153,1,17,15,2,Afghanistan,29/04/2020,3 killed and 15 wounded in Kabul suicide attack ,Urban Residential,Kabul
154,0,3,3,0,Afghanistan,29/04/2020,Blast in Kabul wounds 3 civilians ,No Information,Kabul
162,0,8,8,0,Afghanistan,03/05/2020,8 power company employees wounded in bomb explosion in Kabul,No Information,Kabul
171,0,4,4,0,Afghanistan,11/05/2020,Four explosions in Kabul leave 4 wounded,Urban Residential,Kabul
196,0,3,3,0,Afghanistan,31/05/2020,Roadside bomb injures 3 civilians in Kabul,No Information,Kabul
202,0,10,8,2,Afghanistan,02/06/2020,Bomb explodes in mosque in Kabul killing 2 and wounding 8,Place Of Worship,Kabul
214,0,4,3,1,Afghanistan,04/06/2020,Roadside bomb blast kills 1 and injures 3 in Qarabagh district ,Market,Kabul
240,0,12,8,4,Afghanistan,12/06/2020,4 killed by bomb explosion in Sher Shah Suri mosque in Kabul,Place Of Worship,Kabul
254,0,2,0,2,Afghanistan,27/06/2020,2 human rights workers killed by bomb attached to car in kabul,Road,kabul
273,0,8,6,2,Afghanistan,19/06/2020,Magnetic bomb kills 2 in Aino area of Paghman district,Road,Kabul
300,0,16,11,5,Afghanistan,14/07/2020,IED kills 5 in Surobi disrict - 11 wounded - when vehicle hits bomb,Village,Kabul
326,0,2,0,2,Afghanistan,28/07/2020,2 killed in magnetic bomb explosion in Kabul,No Information,Kabul
358,5,2,0,2,Afghanistan,09/08/2020,2 killed and 5 security forces injured in IED explosion in trolley in Kabul,Commercial Premises,Kabul
362,0,3,2,1,Afghanistan,11/08/2020,1 killed and 2 injured in bomb blast in Kabul's Khair Khana area,Urban Residential,Kabul
369,0,10,10,0,Afghanistan,18/08/2020,10 civilians injured in rocket attacks on homes in Kabul,Urban Residential,Kabul
370,0,1,0,1,Afghanistan,19/08/2020,Bomb blast kills high-ranking Education Ministry employee in Kabul,Urban Residential,Kabul
373,1,2,2,0,Afghanistan,19/08/2020,Sticky bomb kills 1 and wounds 2 in Kabul,No Information,Kabul
377,5,1,1,0,Afghanistan,22/08/2020,1 police officer killed and 4 injured in bomb blasts across Kabul,No Information,Kabul
378,0,2,2,0,Afghanistan,22/08/2020,Bicycle bomb injures 2 civilians in Kabul,Public Building,Kabul
389,1,0,0,0,Afghanistan,25/08/2020,Police officer killed by roadsde bomb in Kabul,Road,Kabul
458,0,3,3,0,Afghanistan,21/09/2020,3 wounded in roadside bomb blast in PD 5 of Kabul,Road,Kabul
459,0,1,0,1,Afghanistan,21/09/2020,Child killed in roadside bomb blast in PD 8 of Kabul,Road,Kabul
475,0,1,0,1,Afghanistan,05/10/2020,1 killed by blast of magnetic bomb attached to vehicle in Kabul,No Information,Kabul
506,2,0,0,0,Afghanistan,12/10/2020,IED explosion killed 1 army officer and wounded another in Kabul's PD12,Road,Kabul
529,1,81,57,24,Afghanistan,24/10/2020,Suicide bombing at educational cener in Kabul kills 24 ,School,Kabul
530,0,3,3,0,Afghanistan,26/10/2020,3 civilians injured in bomb attack on government vehicle in Kabul,Urban Residential,Kabul
532,0,13,10,3,Afghanistan,27/10/2020,3 killed and 10 injured in magnetic IED in Char Qala in Kabul,Urban Residential,Kabul
547,0,3,0,3,Afghanistan,07/11/2020,Former Afghan TV presenter and 2 other civilians killed in a bomb explosion in Kabul,Town Centre,Kabul
583,0,2,2,0,Afghanistan,09/11/2020,2 wounded in roadside bomb blast in Kabul,Urban Residential,Kabul
589,3,1,0,1,Afghanistan,11/11/2020,3 police and a civilian killed in IED blast in Lab-e-Jar area in Kabul,Urban Residential,Kabul
593,8,0,0,0,Afghanistan,13/11/2020,Suicide car bomb kills 3 soldiers and wounds 4 at western entry gate to Kabul,Armed Base,Kabul
602,0,61,51,10,Afghanistan,21/11/2020,8 killed and 31 injured in rocket fire on residential areas in Kabul,Urban Residential,Kabul
606,0,1,1,0,Afghanistan,22/11/2020,Magnetic mine targeting taxi injures 1 in Kabul,Road,Kabul
612,1,0,0,0,Afghanistan,28/11/2020,Police officer wounded in magnetic IED blast in Kabul,No Information,Kabul
618,0,2,2,0,Afghanistan,30/11/2020,2 wounded in blast in PD7 of Kabul ,Urban Residential,Kabul
654,0,4,2,2,Afghanistan,13/12/2020,Magnetic IED blast near hotel in Kabul city,Hotel,Kabul
655,0,5,4,1,Afghanistan,12/12/2020,1 killed and 4 injured in rocket attacks on areas in Kabul,Multiple (urban),Kabul
657,2,2,0,2,Afghanistan,15/12/2020,Bomb attack on deputy governor in Kabul - two guards were wounded,Urban Residential,Kabul
661,2,2,0,2,Afghanistan,15/12/2020,IED kills deputy governor in Kabul's PD9 district,Urban Residential,Kabul
663,0,2,2,0,Afghanistan,16/12/2020,2 civilians wounded in bomb blast in Kabul's PD 11,Urban Residential,Kabul
667,40,0,0,0,Afghanistan,18/12/2020,30 Taliban killed in airstrike on gathering in Qarabagh district,No Information,Kabul
669,0,62,52,10,Afghanistan,20/12/2020,At least 10 killed in car bomb blast in Kabul,Urban Residential,Kabul
676,0,7,2,5,Afghanistan,22/12/2020,"IED, some report roadside bomb and others report magnetic IED, kills 5, including 4 doctors, in Kabul",Urban Residential,Kabul
677,1,1,0,1,Afghanistan,21/12/2020,1 killed in suicide bombing incident in Paghman district at Bolsan mosque,Place Of Worship,Kabul
681,0,2,2,0,Afghanistan,21/12/2020,2 wounded in manetic IED explosion in Kabul city's Mahbas square,Town Centre,Kabul
686,2,2,2,0,Afghanistan,26/12/2020,2 police killed in IED blast in a central Kabul district,Urban Residential,Kabul
687,2,0,0,0,Afghanistan,26/12/2020,2 security personnel injured in bomb attack in western District of Kabul,No Information,Kabul
692,0,14,13,1,Afghanistan,28/12/2020,1 blast in Kabul's Guzargah neighbourhood killing 1 and 13 wounded,Urban Residential,Kabul
695,0,3,2,1,Afghanistan,31/12/2020,1 killed and 2 wounded in IED attack in Kabul city,Urban Residential,Kabul
707,1,1,0,1,Afghanistan,20/12/2020,Roadside bomb kills 1 civilian and wounds a police officer in Kabul,Urban Residential,Kabul
4,4,0,0,0,Afghanistan,11/01/2020,Roadside bomb kills 2 US soldiers and injures 2 in Kandahar,No Information,Kandahar
13,4,0,0,0,Afghanistan,16/01/2020,4 Taliban killed in airstrike on hideout in kandahar,No Information,kandahar
16,4,0,0,0,Afghanistan,21/01/2020,4 Taliban killed in airstrike on Dand in Nawa district,No Information,Kandahar
103,6,0,0,0,Afghanistan,03/04/2020,Airstrike kills 6 fighters in Kandahar province ,No Information,Kandahar
123,3,0,0,0,Afghanistan,22/03/2020,Policeman killed and 2 soldiers wounded by roadside bomb in Kandahar as they respond to another bombing,Road,Kandahar
129,1,0,0,0,Afghanistan,10/03/2020,Roadside bomb kills police officer in Kandahar city,Road,Kandahar
192,0,4,0,4,Afghanistan,25/05/2020,Roadside bomb kills at least 4 in Mianshin district in Kandahar,Road,Kandahar
198,0,7,5,2,Afghanistan,29/05/2020,2 children killed after bomb exploded on motorcycle in Kandahar,Urban Residential,Kandahar
201,0,14,5,9,Afghanistan,03/06/2020,Roadside bomb kills 9 in Kandahar province,Public Transport,Kandahar
215,0,3,3,0,Afghanistan,05/06/2020,Roadside bomb injures 3 in Kandahar's Mianshin district,No Information,Kandahar
231,2,2,1,1,Afghanistan,14/05/2020,Roadside bomb hits police vehicle in Kandahar city killing 1 civilian and wounding 2 police and a child,Urban Residential,Kandahar
234,2,0,0,0,Afghanistan,12/05/2020,Roadside bomb in Kandahar kills 2 police,No Information,Kandahar
236,1,0,0,0,Afghanistan,09/05/2020,Roadside bomb kills 1 police officer in Kandahar city,Urban Residential,Kandahar
239,2,0,0,0,Afghanistan,02/05/2020,Bomb in shop in Kandahar City detonated when police pass killing 1 ,Commercial Premises,Kandahar
250,4,0,0,0,Afghanistan,23/06/2020,4 soldiers injured in bomb blast in Kandahar in Aino Mena road,Road,Kandahar
268,2,0,0,0,Afghanistan,24/06/2020,2 police killed in roadside bomb blast in Kandahar,Road,Kandahar
296,4,14,14,0,Afghanistan,08/07/2020,Suicide truck bomber targeted police district HQ in Kandahar,Police Station,Kandahar
302,25,0,0,0,Afghanistan,15/07/2020,15 Taliban killed and 10 injured in airstrike in Kandahar,No Information,Kandahar
306,0,4,4,0,Afghanistan,14/07/2020,3 killed and intelligence officer wounded in roadside bombing in Kandahar,Road,Kandahar
317,25,0,0,0,Afghanistan,20/07/2020,NATO airstrike killed 25 Taliban fighters in Kandahar's Takht-e-Pol town,No Information,Kandahar
337,2,2,1,1,Afghanistan,23/07/2020,1 civilian and 1 police killed in roadside bomb in Kandahar City,Road,Kandahar
343,5,0,0,0,Afghanistan,22/07/2020,Roadside bomb killed 1 police near kandahar University,Road,kandahar
356,0,5,3,2,Afghanistan,07/08/2020,2 killed and 3 injured in roadside bomb explosion in Kandahar,Village,Kandahar
364,0,10,6,4,Afghanistan,13/08/2020,Explosion in southern Kandahar killed 4 and injured 6 in Panjwai district,Road,Kandahar
365,0,11,6,5,Afghanistan,13/08/2020,5 killed and 6 injured in landmine blast in Kandahar,Road,Kandahar
380,0,2,0,2,Afghanistan,21/08/2020,2 civilians killed in IED explosion in Kandahar,Road,Kandahar
381,2,0,0,0,Afghanistan,21/08/2020,2 planting bomb killed as it detonates in Kandahar,Road,Kandahar
390,0,13,0,13,Afghanistan,28/08/2020,13 killed by IED in Kandahar province's Spin Boldak district,Urban Residential,Kandahar
391,0,4,1,3,Afghanistan,28/08/2020,Second blast in Kandahar kills 3 including 2 children ,Urban Residential,Kandahar
427,0,5,2,3,Afghanistan,03/08/2020,Roadside bomb  explosion in Kacha Ziarat area of Spin Boldak District killed 3,Road,Kandahar
444,18,0,0,0,Afghanistan,10/09/2020,Police injured in car bomb explosion in Kandahar,Armed Base,Kandahar
447,40,0,0,0,Afghanistan,12/09/2020,40 Taliban killed in Shahwali Kot district in Kandahar,No Information,Kandahar
469,1,0,0,0,Afghanistan,30/09/2020,Bomb blast in Kandahar injures police chief ,Road,Kandahar
479,4,0,0,0,Afghanistan,27/09/2020,Roadside bomb in Kandahar kills 1 police and 3 injured,Urban Residential,Kandahar
524,2,0,0,0,Afghanistan,21/10/2020,Roadside bomb in Kandahar injured two Romanian soldiers ,Road,Kandahar
538,100,0,0,0,Afghanistan,01/11/2020,60 Taliban killed and 40 injured in airstrikes on Kandahar's Mandozai area,No Information,Kandahar
544,13,0,0,0,Afghanistan,03/11/2020,13 taliban killed in Afghan airstrikes in Kandahar ,No Information,Kandahar
548,4,0,0,0,Afghanistan,06/11/2020,1 policeman was killed and three others injured as a roadside bomb struck police vehicle in Kandahar city,Urban Residential,Kandahar
549,0,6,1,5,Afghanistan,28/10/2020,Roadside bomb in Sarkarez area of Maiwand District kills five civilians,Road,Kandahar
578,0,5,3,2,Afghanistan,08/11/2020,2 killed and 3 injured in roadside bomb blast in Kandahar's Tabin village,Village,Kandahar
581,14,49,36,13,Afghanistan,08/11/2020,"14 killed, including bomber, and 49 wounded in car bomb in maiwand district - NYT reports 4 deaths and 40 injuried",Market,Kandahar
592,0,4,0,4,Afghanistan,10/11/2020,4 women killed in rocket attack in Zhairi district of Kandahar,Village,Kandahar
604,0,2,2,0,Afghanistan,22/11/2020,"2 injured, including a child, in Dand district in Kandahar ",Road,Kandahar
607,44,0,0,0,Afghanistan,20/11/2020,39 Taliban killed and 5 injured in airstrike in Panjwai District of kandahar,No Information,kandahar
611,11,4,4,0,Afghanistan,25/11/2020,6 police injured in car explosion in Kandahar city,Urban Residential,Kandahar
627,10,0,0,0,Afghanistan,05/12/2020,Car bomb explosion at police checkpoint kills 3 police in Kandahar,Police Station,Kandahar
628,11,22,22,0,Afghanistan,07/12/2020,33 wounded in car bomb blast outside police station in Kandahar - 15 civilians and 7 employees and armed personnel,Police Station,Kandahar
630,12,0,0,0,Afghanistan,10/12/2020,12 Taliban killed in airstrike in Kandahar's Zhari district,No Information,Kandahar
634,0,22,20,2,Afghanistan,19/11/2020,2 killed and 20 injured in bomb explosion in 3rd Police District in Kandahar,Urban Residential,Kandahar
644,0,3,1,2,Afghanistan,08/11/2020,2 killed and another wounded in roadside bomb explosion in Kandahar City,Road,Kandahar
680,0,5,1,4,Afghanistan,21/12/2020,4 civilians killed and 1 wounded when tricycle vehicle struck IED in Kandahar,Village,Kandahar
89,3,0,0,0,Afghanistan,18/03/2020,Roadside bomb explosion kills 2 police  and wounded another in Kapisa,Road,Kapisa
93,1,6,3,3,Afghanistan,25/03/2020,3 killed and 3 injured in mortar fire on vehicle in Tagab district,Road,Kapisa
114,0,4,3,1,Afghanistan,18/04/2020,1 killed and 3 wounded in mortar shelling on Kapisa province,Urban Residential,Kapisa
276,0,11,8,3,Afghanistan,15/06/2020,Mortar shell fired by Taliban hit civilian home killing 3 in Kapisa,Urban Residential,Kapisa
311,1,11,8,3,Afghanistan,18/07/2020,Rocket hits  district office building of Tagab district in eastern Kapisa province killing 3 civilians,Public Building,Kapisa
376,0,4,3,1,Afghanistan,20/08/2020,1 killed and 3 injured in mortar attack on home in Kapisa,Urban Residential,Kapisa
382,0,5,4,1,Afghanistan,23/08/2020,1 killed and 4 injured in Taliban mortar attack in Kapisa,Urban Residential,Kapisa
483,8,0,0,0,Afghanistan,21/09/2020,8 police killed in Taliban attack using rocket fire in Tagab district,Armed Base,Kapisa
499,0,3,0,3,Afghanistan,07/10/2020,3 killed in Kapisa's Khisha Chena area by bomb blast,Road,Kapisa
662,0,2,1,1,Afghanistan,16/12/2020,Anti-crimes official killed and another wounded in magnetic bomb blast in Kapisa,Village,Kapisa
71,0,14,11,3,Afghanistan,02/03/2020,Motorcycle bomb kills 3 at football match in Khost,Entertainment,Khost
146,3,12,12,0,Afghanistan,21/04/2020,Suicide car bomb hits governor's car in Khost wounding 2 bodyguards and 12 civilians,No Information,Khost
170,2,2,1,1,Afghanistan,08/05/2020,Police chief and 2 others killed in roadside bomb in Khost,Road,Khost
183,0,6,6,0,Afghanistan,17/05/2020,Roadside bomb injures 6 in Khost including 3 medical workers,Road,Khost
253,0,7,3,4,Afghanistan,26/06/2020,4 killed in mortar shelling on home in Khost province,Urban Residential,Khost
421,0,3,1,2,Afghanistan,10/08/2020,Taliban roadside bomb kills 2 in Khost's Malangi Khwla area,Road,Khost
480,0,5,4,1,Afghanistan,27/09/2020,1 killed and 4 injured by explosives hidden in bicycle in Khost,Town Centre,Khost
481,2,2,0,2,Afghanistan,10/09/2020,Bomb attached to motorcycle during wedding reception in Kundi area of Khost,Urban Residential,Khost
534,22,9,9,0,Afghanistan,27/10/2020,"6, including 4 attackers, killed and 25 others injured in car bomb and gun fight near police base in Khost - figures disputed by doctor",Armed Base,Khost
678,2,10,7,3,Afghanistan,22/12/2020,4 killed and 8 injured in roadside bomb blast in Khost,No Information,Khost
691,1,2,2,0,Afghanistan,28/12/2020,1 member of the security forces and wounded two other people in roadside bomb blast in Khost,Road,Khost
702,3,1,1,0,Afghanistan,24/12/2020,Police truck detonated by Taliban roadside bomb in Nakarmora intersection in Khost City,Road,Khost
34,10,0,0,0,Afghanistan,08/02/2020,10 Taliban killed in airstrike on Chawkay district,No Information,Kunar
42,10,0,0,0,Afghanistan,09/02/2020,10 Taliban killed in airstrike on Chawkay district,No Information,Kunar
55,1,0,0,0,Afghanistan,12/02/2020,Senior TTP leader killed in roadside bomb blast in Kunar,Road,Kunar
72,7,0,0,0,Afghanistan,05/03/2020,US airstrike kill 8 ISIS in Kunar,No Information,Kunar
193,0,2,1,1,Afghanistan,27/05/2020,Man killed and girl injured in mortar shelling in Kunar,Urban Residential,Kunar
359,0,11,2,9,Afghanistan,09/08/2020,Civilians hit roadside bomb near Shana Nari village killing 9,Village,Kunar
443,1,5,3,2,Afghanistan,08/09/2020,"3, including security personnel, killed and 3 injured in roadside bomb in Kunar",Road,Kunar
519,0,5,4,1,Afghanistan,19/10/2020,1 killed and 4 injured in shelling by Pakistan on Kunar,Urban Residential,Kunar
49,5,0,0,0,Afghanistan,09/02/2020,2 police killed in roadside bomb blast in Kunduz,Road,Kunduz
85,0,9,8,1,Afghanistan,17/02/2020,Child killed and 8 family members injured in Taliban mortar explosion in Kunduz,Urban Residential,Kunduz
91,2,9,0,9,Afghanistan,22/03/2020,Airstrike kill 11 of one family in Kunduz,Village,Kunduz
117,3,0,0,0,Afghanistan,26/03/2020,2 police killed and 1 wounded in Taliban rocket attack on Humvee in Kunduz,Road,Kunduz
122,0,10,6,4,Afghanistan,22/03/2020,4 civilians killed and 6 wounded in airstrike targeting Taliban in Kunduz,Urban Residential,Kunduz
163,2,0,0,0,Afghanistan,29/04/2020,Afghan air strike on Taliban in Kunduz kills 1 and kills 1 Afghan soldier in their custody,No Information,Kunduz
199,0,13,6,7,Afghanistan,01/06/2020,Landmine blast kills 7 farm laborers in Kunduz,Road,Kunduz
210,0,13,6,7,Afghanistan,02/06/2020,7 killed in roadside bomb blast in Kunduz,Road,Kunduz
327,0,6,4,2,Afghanistan,26/07/2020,2 killed and 4 injured in mortar attack on sports ground in Dasht-e-Archi district,Entertainment,Kunduz
374,0,8,8,0,Afghanistan,19/08/2020,8 wounded in mortar attack on northern Kunduz province,Urban Residential,Kunduz
375,0,3,0,3,Afghanistan,21/08/2020,3 children killed in mortar attack on home in Dasht-e-Archi district,Urban Residential,Kunduz
404,0,4,0,4,Afghanistan,24/08/2020,4 civilians killed in mortar strike on home in Kunduz,Urban Residential,Kunduz
454,9,30,18,12,Afghanistan,19/09/2020,Double tap airstrike on Taliban gathering in Kunduz leaves civilian casualties as they gathered at site of first strike to extinguish flames at a home - a range of casualty totals for both civilians and Taliban,Village,Kunduz
462,0,3,3,0,Afghanistan,24/09/2020,Bomb hits car in Kunduz city wounding 3 ,Town Centre,Kunduz
464,0,10,4,6,Afghanistan,26/09/2020,6 killed and 4 injured in roadside bomb blast in Kunduz,Road,Kunduz
492,0,3,0,3,Afghanistan,06/09/2020,3 killed when mortar hits home in Kamal village in Kunduz province,Village,Kunduz
505,0,12,7,5,Afghanistan,12/10/2020,5 killed in mortar attack in Kunduz's  Shorabi Qeshlaq neighborhood,Urban Residential,Kunduz
539,10,0,0,0,Afghanistan,01/11/2020,4 bodyguards killed and 6 injured in mortar attack on Kunduz,Public Building,Kunduz
543,3,0,0,0,Afghanistan,01/11/2020,Roadside bomb kills commander and injures 2 servicemen in Kunduz,Road,Kunduz
545,0,25,20,5,Afghanistan,04/11/2020,5 killed and 20 injured in airstrike on Kunduz's Khanabad district after civilians attempted to steal equipment from military base,No Information,Kunduz
551,1,0,0,0,Afghanistan,26/10/2020,Roadside bomb kills soldier in Mullah Sardar area of Kunduz City,Road,Kunduz
595,4,0,0,0,Afghanistan,13/11/2020,2 police killed by roadside bomb on way to army base in Kunduz,Road,Kunduz
601,0,13,6,7,Afghanistan,18/11/2020,5 killed in mortar shelling in Kunduz when it hits homes ,Urban Residential,Kunduz
617,11,0,0,0,Afghanistan,27/11/2020,7 Taliban killed in Afghan airstrike in Imam Sahib district,No Information,Kunduz
641,0,5,0,5,Afghanistan,09/11/2020,Afghan airstrike on home in Khanabad District kills 5,Urban Residential,Kunduz
650,22,20,20,0,Afghanistan,03/11/2020,Car bomb kills 4 security personnel and injures many including civilians in Imam Sahib District,No Information,Kunduz
652,0,7,2,5,Afghanistan,02/11/2020,5 civilians killed in missile fire by Afghan security forces in Khanabad district,Urban Residential,Kunduz
37,0,7,7,0,Afghanistan,08/01/2020,7 civilians injured in Afghan airstrike in Alinger district of Laghman,No Information,Laghman
157,0,7,4,3,Afghanistan,02/05/2020,3 killed and 4 injured in bomb attack in Mehtarlam city,Road,Laghman
186,0,7,6,1,Afghanistan,19/05/2020,1 killed and 6 injured in mortar shelling on residential area in Laghman,Urban Residential,Laghman
191,0,16,12,4,Afghanistan,24/05/2020,At least 4 killed by mortar shelling on home in Alishang district,Urban Residential,Laghman
330,0,10,9,1,Afghanistan,29/07/2020,1 killed and 9 injured in blast in Mehtar Lam in Laghman,Urban Residential,Laghman
333,0,6,5,1,Afghanistan,31/07/2020,1 killed and 5 injured in shelling in Laghman province,Village,Laghman
436,33,0,0,0,Afghanistan,07/09/2020,25 killed and 8 injured in Afghan airstrike in Laghman,No Information,Laghman
466,0,6,3,3,Afghanistan,30/09/2020,3 killed and 3 injured in mortar shelling on home in Alingar district,Urban Residential,Laghman
501,2,3,2,1,Afghanistan,07/10/2020,District governor killed in roadside bomb explosion in Laghman,Road,Laghman
660,0,12,9,3,Afghanistan,14/12/2020,2 men and a girl killed when rocket lands on home in Alishang district in Laghman,Urban Residential,Laghman
77,0,9,8,1,Afghanistan,09/03/2020,Child killed and 8 wounded in roadside bomb explosion in Logar province,Village,Logar
131,1,0,0,0,Afghanistan,16/04/2020,Soldier killed in roadside bomb blast in Charkh district,Road,Logar
150,7,0,0,0,Afghanistan,26/04/2020,7 Taliban killed in airstrike on Logar province's Nasri village,Village,Logar
158,0,4,0,4,Afghanistan,01/05/2020,4 children killed by IED blast in Logar,Urban Residential,Logar
172,0,4,3,1,Afghanistan,09/05/2020,Child killed and 3 wounded by Taliban mortar fire in Logar,Village,Logar
332,10,32,21,11,Afghanistan,30/07/2020,9 killed in suicide bombing in Logar's Pul-e-Alam,Commercial Premises,Logar
366,0,3,0,3,Afghanistan,12/08/2020,US drone strike killled at least 3 civilians inLogar province,No Information,Logar
463,6,0,0,0,Afghanistan,27/09/2020,6 Taliban killed in Afghan airstrike on Taliban camp in Logar,No Information,Logar
35,0,8,0,8,Afghanistan,31/01/2020,8 killed in Tarin Kot city by US air strike,No Information,Nangarhar
51,0,8,0,8,Afghanistan,14/02/2020,8 civilians killed in US airstrike on vehicle in Nangarhar,Village,Nangarhar
53,10,0,0,0,Afghanistan,14/02/2020,6 Taliban killed and 4 injured in airstrikes on Sherzad district,No Information,Nangarhar
88,2,0,0,0,Afghanistan,18/03/2020,Roadside bomb kills Taliban commander and security guard in Nangarhar,Road,Nangarhar
98,0,4,2,2,Afghanistan,28/03/2020,Bomb explosion hits car in Nangarhar killing 2 religious scholars,Road,Nangarhar
174,1,92,68,24,Afghanistan,12/05/2020,32 killed and 133 wounded in suicide bombing at funeral in Nangarhar ,Place Of Worship,Nangarhar
187,1,2,2,0,Afghanistan,21/05/2020,District head and son were injured in suicide attack in Behsud district,Road,Nangarhar
218,0,1,0,1,Afghanistan,09/06/2020,1 killed in roadside bomb blast near bakery in Nangarhar,Commercial Premises,Nangarhar
222,0,6,3,3,Afghanistan,25/05/2020,Roadside bomb in Tarin Kot kills woman and 2 children ,Village,Nangarhar
241,0,4,3,1,Afghanistan,14/06/2020,Roadside bomb kills 1  and wounds 3 in Jalalabad city,Urban Residential,Nangarhar
289,1,0,0,0,Afghanistan,05/07/2020,Army engineer killed in landmine blast in Nangarhar,No Information,Nangarhar
293,7,9,9,0,Afghanistan,07/07/2020,Suicide car bomber targeted Afghan police convoy in Nangarhar killing 4 police,Market,Nangarhar
334,1,19,18,1,Afghanistan,02/08/2020,At least 3 killed in complex suicide attack involving gunmen against prison in Jalalabad - seems many hurt in gun battle. At least 1 killed in blast and 18 injured ,Police Station,Nangarhar
354,0,9,9,0,Afghanistan,08/08/2020,9 wounded by mortar attack on home in Sherzad district,Urban Residential,Nangarhar
437,0,10,4,6,Afghanistan,07/09/2020,6 killed in mortar attack on home in Nangarhar,Urban Residential,Nangarhar
516,0,1,0,1,Afghanistan,17/10/2020,Bomb detonates outisde religious school in Nangarhar killing director,School,Nangarhar
616,14,0,0,0,Afghanistan,27/11/2020,14 Taliban killed in Afghan airstrikes on hideouts in the Zavi area of Khogyani district,No Information,Nangarhar
636,0,2,0,2,Afghanistan,15/11/2020,Roadside bomb explosion kills 2 civilian in Khogyani District,Road,Nangarhar
659,0,4,0,4,Afghanistan,13/12/2020,Roadside bomb blast in Khogyani kills 4 in Nangarhar,Village,Nangarhar
671,3,0,0,0,Afghanistan,20/12/2020,Roadside bomb struck a police van injuring 3 police in Jalalabad city,Road,Nangarhar
683,11,0,0,0,Afghanistan,23/12/2020,9 Taliban killed and 2 injured in Afghan airstrike on Sherzad district ,No Information,Nangarhar
684,3,0,0,0,Afghanistan,22/12/2020,3 Taliban killed in a joint Afghan security forces airstrike in the Sherzad district,No Information,Nangarhar
698,18,0,0,0,Afghanistan,31/12/2020,18 Taliban killed in airstrike on Nangarhar province in Pachiragam district,No Information,Nangarhar
700,0,1,0,1,Afghanistan,31/12/2020,1 killed in roadside bomb blast in Jalalabad's PD1,Urban Residential,Nangarhar
11,3,0,0,0,Afghanistan,15/01/2020,Air strike kills 3 Taliban in Khasro district in Nimroz,No Information,Nimruz
352,0,7,0,7,Afghanistan,05/08/2020,6 killed and 1 wounded in roadside bomb blast in Nimroz province ,Road,Nimruz
425,5,0,0,0,Afghanistan,06/08/2020,"Roadside bomb in the Chore Sanarud area of Charburjak District, killing one police officer",Road,Nimruz
522,7,0,0,0,Afghanistan,20/10/2020,5 police killed in roadside bomb in Nimroz,Road,Nimruz
523,7,0,0,0,Afghanistan,20/10/2020,7 police killed in roadside bomb in Kang district,Road,Nimruz
73,4,0,0,0,Afghanistan,04/03/2020,4 police injured in roadside bombing in Uruzgan,Road,Oruzgan
105,10,0,0,0,Afghanistan,05/04/2020,6 Taliban killed in airstrike on Khas Uruzgan district,No Information,Oruzgan
107,0,10,2,8,Afghanistan,04/04/2020,8 killed and 2 injured in airstrike on Uruzgan,No Information,Oruzgan
319,7,0,0,0,Afghanistan,22/07/2020,7 security personnel killed in roadside bomb in Uruzgan,No Information,Oruzgan
372,4,0,0,0,Afghanistan,20/08/2020,3 Taliban killed and 1 wounded in airstrike in Uruzgan province,No Information,Oruzgan
379,3,0,0,0,Afghanistan,20/08/2020,3 police killed and 2 injured in roadside bomb in Uruzgan,No Information,Oruzgan
430,0,4,0,4,Afghanistan,31/07/2020,4 killed in Taliban roadside bomb explosion in Uruzgan province,Road,Oruzgan
438,0,2,1,1,Afghanistan,06/09/2020,Pressure plate roadside bomb blast in Uruzgan kills 1 and wounds 1 ,Road,Oruzgan
572,11,0,0,0,Afghanistan,06/10/2020,"Taliban explosives in a tunnel under a security outpost in Khas Uruzgan District detonated, killing eight police",Armed Base,Oruzgan
598,15,3,0,3,Afghanistan,16/11/2020,3 civilians killed in Afghan airstrikes targting Taliban in Uruzgan,Urban Residential,Oruzgan
701,6,0,0,0,Afghanistan,26/12/2020,3 police killed in Taliban bomb blasts in Uruzgan,Armed Base,Oruzgan
120,2,1,1,0,Afghanistan,23/03/2020,1 police killed and 1 injured and 1 civilian wounded by motorcycle bomb at entrance to Paktia university,School,Paktia
132,0,5,3,2,Afghanistan,16/04/2020,Taliban fired mortar hitshome in Pakhri area of Paktia,Urban Residential,Paktia
168,0,1,0,1,Afghanistan,17/04/2020,Taxi hits roadside bomb in Rabat area of Gardez killing driver,Urban Residential,Paktia
179,7,24,19,5,Afghanistan,14/05/2020,5 killed and 24 wounded in car bomb in Gardez city,No Information,Paktia
203,2,0,0,0,Afghanistan,02/06/2020,Landmine blast in Paktia province killed police chief and his guard,No Information,Paktia
216,4,0,0,0,Afghanistan,06/06/2020,2 border guards killed in roadside bomb explosion in Paktia,Road,Paktia
288,3,0,0,0,Afghanistan,03/07/2020,NDS member killed and 2 injured in roadside bomb blast in Paktia,Road,Paktia
294,3,0,0,0,Afghanistan,07/07/2020,1 soldier killed and 2 injured in car bomb blast in Paktia,No Information,Paktia
357,0,2,0,2,Afghanistan,07/08/2020,2 killed in roadside bomb blast in Paktia ,No Information,Paktia
394,3,1,1,0,Afghanistan,29/08/2020,4 injured in two roadside bombs in eastern Paktia province,No Information,Paktia
397,9,0,0,0,Afghanistan,01/09/2020,3 soldiers killed and 5 injured in Taliban car bomb and gun battle in Gardez at military base,Armed Base,Paktia
514,0,4,4,0,Afghanistan,16/10/2020,4 wounded in IED blast in Chamkani district ,Multiple (urban),Paktia
566,0,3,0,3,Afghanistan,13/10/2020,"Taliban launched mortars on a residential area in the Khalilan village of Merzaka District, killing three civilians",Village,Paktia
100,1,3,0,3,Afghanistan,31/03/2020,Explosion in Paktika killed 4 including 1 police,No Information,Paktika
115,0,6,0,6,Afghanistan,20/04/2020,6 killed in roadside bomb blast in Paktika,Village,Paktika
127,0,1,0,1,Afghanistan,16/03/2020,Shepherd child killed by roadside bomb in Band-e-Sharan village,Village,Paktika
309,4,0,0,0,Afghanistan,18/07/2020,Police commander killed in landmine blast in Paktika,Road,Paktika
455,0,30,30,0,Afghanistan,19/09/2020,19 wounded by roadside bomb as it struck wedding convoy in Paktika,Road,Paktika
531,0,4,0,4,Afghanistan,26/10/2020,4 children killed in bomb blast infront of home in Paktika,Urban Residential,Paktika
235,2,0,0,0,Afghanistan,11/05/2020,Roadside bomb kills 2 police in Seyasang Dara area,Road,Panjshir
298,0,14,8,6,Afghanistan,11/07/2020,6 killed and 8 wounded in roadside bomb explosion in Dara-e-Qiaq area ,Public Transport,Panjshir
668,7,0,0,0,Afghanistan,20/12/2020,7 Taliban killed in Afghan airstrike in Char Dara district,No Information,Panjshir
195,0,8,5,3,Afghanistan,30/05/2020,Mortar shell hits homes in Parwan killing 3 civilians in home,Urban Residential,Parwan
258,17,0,0,0,Afghanistan,30/06/2020,17 Taliban killed in airstrike on Parwan province ,No Information,Parwan
512,4,0,0,0,Afghanistan,17/10/2020,3 police killed and 1 wounded in roadside bomb in Parwan ,Road,Parwan
674,5,0,0,0,Afghanistan,21/12/2020,5 police killed when car hit IED in Charikar city,No Information,Parwan
696,3,0,0,0,Afghanistan,29/12/2020,Bomb attack on head of appellant attorney office's convoy in Parwan province injuring 3 bodyguards,Market,Parwan
301,12,63,63,0,Afghanistan,13/07/2020,11 intelligence personnel killed in attack on compound in Aybak - 63 wounded including civilians and personnel and nearby homes damaged,Armed Base,Samangan
65,5,0,0,0,Afghanistan,21/02/2020,5 Taliban killed in airstrike in Sar-e Pul province,No Information,Sar-e Pol
211,0,7,4,3,Afghanistan,02/06/2020,3 killed and 4 injured in roadside bomb blast in Sari Pul province just outside capital,Road,Sar-e Pol
392,0,2,0,2,Afghanistan,29/08/2020,Roadside bomb kills father and son in Sari Pul province ,Road,Sar-e Pol
460,8,0,0,0,Afghanistan,21/09/2020,5 Taliban killed in Sozma Qala district in airstrikes,No Information,Sar-e Pol
48,0,5,4,1,Afghanistan,09/02/2020,Child killed and 4 injured in mortar fire on home in Takhar,Urban Residential,Takhar
54,5,0,0,0,Afghanistan,14/02/2020,5 Taliban killedin airstrikes in Takhar province,No Information,Takhar
56,10,0,0,0,Afghanistan,14/02/2020,7 Taliban killed in airstrike on Takhar ,No Information,Takhar
167,5,0,0,0,Afghanistan,17/04/2020,5 soldiers killed by roadside bomb in Qandahariha village of Khwaja Ghar District,Village,Takhar
284,5,0,0,0,Afghanistan,09/06/2020,1 police killed and 4 wounded in roadside bomb explosion in Takhar,Road,Takhar
446,12,0,0,0,Afghanistan,12/09/2020,12 Taliban killed in airstrike on gathering in Chanzai area outside Taluqan city,No Information,Takhar
453,0,14,12,2,Afghanistan,15/09/2020,IED blast in Kalafgan district kills 2 and injures 12,Commercial Premises,Takhar
520,0,26,14,12,Afghanistan,21/10/2020,"12 children killed and several wounded in airstrike on mosque in Takhar, suspecting Taliban were hiding there",Place Of Worship,Takhar
568,2,0,0,0,Afghanistan,13/10/2020,"Roadside bomb hit a police vehicle in Aryaan village of Baharak District, killing two police ",Village,Takhar
672,1,3,3,0,Afghanistan,20/12/2020,Magnetic bomb injures 4 including 1 police officer in Baharak district,No Information,Takhar
685,7,0,0,0,Afghanistan,24/12/2020,4 police killed and 3 injured in roadside bomb explosion in Takhar province when it struck SUV Humvee,Road,Takhar
265,3,0,0,0,Afghanistan,28/06/2020,Roadside bomb kills 1 police officer in Chinarto district,Road,Urozgan
197,0,6,3,3,Afghanistan,30/05/2020,Mortar shell hits home in Maidan Wardak province,Urban Residential,Wardak
349,1,0,0,0,Afghanistan,08/07/2020,Taliban mortar fire kills 1 police in Wardak targeting district governor's office,Public Building,Wardak
385,0,7,0,7,Afghanistan,23/08/2020,Roadside bomb kills 7 civilians in Jaghatu district,Road,Wardak
521,0,14,9,5,Afghanistan,20/10/2020,5 killed and 9 injured in two roadside bomb blasts in Jalrez district,Road,Wardak
533,1,3,0,3,Afghanistan,25/10/2020,"US airstrike in Narkh district, Wardak kills 3 civilians and a Taliban commander -some report more Taliban killed",No Information,Wardak
550,0,1,0,1,Afghanistan,27/10/2020,Roadside bomb in Chak district kills one civilian,Road,Wardak
552,0,4,0,4,Afghanistan,25/10/2020,Roadside bomb kills 4 civilians in Wardak/s Kota-e-Ashro area,Road,Wardak
633,0,2,0,2,Afghanistan,21/11/2020,2 killed in bomb explosion in Maidan Shahr in Wardak province,No Information,Wardak
699,7,0,0,0,Afghanistan,31/12/2020,Car bomb attack kills 3 soldiers in Maidan Wardak province,No Information,Wardak
14,0,5,0,5,Afghanistan,16/01/2020,5 killed including governmnet employees in Zabul,Road,Zabul
67,4,0,0,0,Afghanistan,25/02/2020,4 soldiers injured by roadside bomb in Zabul,Road,Zabul
106,21,0,0,0,Afghanistan,05/04/2020,21 Taliban killed in airstrikes in Zabul,No Information,Zabul
109,7,0,0,0,Afghanistan,11/04/2020,3 Taliban killed in airstrike in Zabul,No Information,Zabul
133,4,0,0,0,Afghanistan,14/04/2020,2 police killed in roadside bomb in Zabul,Road,Zabul
184,0,13,9,4,Afghanistan,19/05/2020,Bomb blast in Zabul kills 4 and injures 9 in Mezana district,Road,Zabul
220,18,0,0,0,Afghanistan,27/05/2020,18 Taliban fighters killed in Afghan airstrike in Zabul province,No Information,Zabul
310,5,0,0,0,Afghanistan,18/07/2020,1 police killed and 4 wounded in IED explosion in Shar-e-Safa area in Zabul,No Information,Zabul
328,0,5,2,3,Afghanistan,28/07/2020,IED kills 3 and wounds 2 in southern Zabul ,Road,Zabul
341,0,5,3,2,Afghanistan,22/07/2020,2 killed in roadside bomb in in the Jelawor area of Arghandab District,No Information,Zabul
393,0,9,4,5,Afghanistan,29/08/2020,5 killed and 4 wounded in 2 roadside bomb blasts in Shahjoy district,Road,Zabul
511,6,0,0,0,Afghanistan,15/10/2020,Car bomb wounds 6 police at Zabul checkpoint,Armed Base,Zabul
535,0,8,5,3,Afghanistan,27/10/2020,3 killed and 5 injured in roadside bomb blast in Shinkai district ,Road,Zabul
577,0,7,2,5,Afghanistan,07/11/2020,5 killed in 2 wounded in roadside bomb blast in Arghandab district,Village,Zabul
582,4,16,12,4,Afghanistan,07/11/2020,Car bomb detonates in Qalat district of Zabul killing 4 and injuring 12,Commercial Premises,Zabul
597,18,0,0,0,Afghanistan,14/11/2020,10 Taliban killed in Afghan airstrike in Shamalzoi district of southern Zabul province,No Information,Zabul
620,1,26,23,3,Afghanistan,29/11/2020,1 killed and 23 injured in bombing in Zabul province ,Urban Residential,Zabul
656,0,7,0,7,Afghanistan,12/12/2020,Civilians reported killed in Afghan airstrike in Arghandab district - locals and Taliban report different figures,Urban Residential,Zabul
1,0,4,3,1,Afghanistan,04/01/2020,1 killed and 2 injured by sticky bomb in Mazar-i-Sharif,Road,
5,5,0,0,0,Afghanistan,05/01/2020,1 police killed and 4 injured in explosion of bomb attached to vehicle ,No Information,
6,0,1,0,1,Afghanistan,03/01/2020,1 child killed by roadside bomb in Na-khod-Amodah as he grazed sheep,Village,
8,0,10,8,2,Afghanistan,14/01/2020,2 children killed and 8 civilians injured in bomb blast during rush hour in Mazar-i-Sharif,Road,
9,1,0,0,0,Afghanistan,14/01/2020,First responders to initial attack In Mazar-i-Sharif targetted in second balsr injuring 1 officer,Road,
17,0,7,6,1,Afghanistan,22/01/2020,1 killed and 6 injured in grenade attack on medical store ,Commercial Premises,
22,0,20,20,0,Afghanistan,25/01/2020,Grenade attack on an Afghan wedding ceremony wounded at least 20 people,Public Gathering,
25,21,0,0,0,Afghanistan,28/01/2020,"14 Taliban killed and another seven injured by an airstrike launched by ""foreign forces"" in Afghanistan's south",Armed Base,
27,0,7,0,7,Afghanistan,31/01/2020,5 killed including former Hizb-e-Islami commander an his family,Road,
29,3,0,0,0,Afghanistan,29/01/2020,3 soldiers wounded when their vehicle was hit by a roadside bomb,No Information,
30,0,2,1,1,Afghanistan,27/01/2020,"10yo killed by a mortar fired by Afghan security forces, which also injured another child",No Information,
32,0,3,2,1,Afghanistan,12/01/2020,Taliban rocket on home kills 16yo girl and wounds 2,Village,
36,0,2,0,2,Afghanistan,22/01/2020,2 killed in Afghan airstrike on Posht Koh district,No Information,
39,5,2,0,2,Afghanistan,07/02/2020,Suicide car bomber kills 6 police in Geresk district - target bazaar but detonated when stopped by police,No Information,
44,0,2,1,1,Afghanistan,12/02/2020,Child killed and 1 injured in roadside bomb explosion in Nedami area,Village,
45,0,8,3,5,Afghanistan,11/02/2020,Bomb explosion inside a madrasa kills 5 children and wounds 3 more ,School,
47,5,0,0,0,Afghanistan,09/02/2020,4 killed and 1 wounded in car bomb explosion in Greshk,No Information,
57,4,0,0,0,Afghanistan,17/02/2020,4 ISIS killed in airstrikes on Suki district ,No Information,
58,1,0,0,0,Afghanistan,17/02/2020,1 ISIS fighter killed in airstrike on Tarang district ,No Information,
61,1,0,0,0,Afghanistan,19/02/2020,ISIS fighter killed in Tswoky district in airstrike,No Information,
63,6,0,0,0,Afghanistan,20/02/2020,6 ISIS killed in airstrike in Najrab district,No Information,
64,7,0,0,0,Afghanistan,20/02/2020,7 fighters killed in airstrike on Chawkai district,No Information,
66,4,0,0,0,Afghanistan,24/02/2020,4 ISIS killed in Afghan airstrike in Chawkay,No Information,
74,0,24,17,7,Afghanistan,06/03/2020,7 killed and 17 injured in Taliban missile attack on Khwaja Noor village,Village,
78,0,2,0,2,Afghanistan,04/03/2020,2 killed in roadside bombign in Sare-Sang village ,Village,
79,4,0,0,0,Afghanistan,29/02/2020,3 police killed and 1 wounded in Sagi area of Mianashindistrict,Road,
80,1,0,0,0,Afghanistan,26/02/2020,1 police killed in roadside bomb explosion in Khakriz District,Road,
82,4,0,0,0,Afghanistan,21/02/2020,2 soldiers killed and 2 wounded in roadside bomb blast in Tarin Kot,Road,
83,0,1,0,1,Afghanistan,20/02/2020,Retired police officer killed in bomb explosion in front of his house in Lashkar Gah,Urban Residential,
84,3,5,0,5,Afghanistan,17/02/2020,5 civilians killed in Afghan airstrike on village of Arabah targeting Talian commander but kill family too,Village,
86,0,3,3,0,Afghanistan,14/03/2020,3 injured in Taliban mortar fire when clashes occur between Taliban and Afghan forces,Urban Residential,
87,1,3,2,1,Afghanistan,16/03/2020,Police officer killed and 2 injured in bomb blast in Mazari Sharif,Urban Residential,
90,18,12,10,2,Afghanistan,19/03/2020,2 killed as well as 6 Taliban and 22 injured in IED explosion in Taluqan,Urban Residential,
94,1,33,8,25,Afghanistan,25/03/2020,25 people killed in suicide attack also using grenades at a Sikh temple,Place Of Worship,
95,0,8,0,8,Afghanistan,25/03/2020,8 killed in roadside bomb in Musa Qala district,Road,
97,0,1,1,0,Afghanistan,26/03/2020,Child injured in blast outside crematorium - others report no casualties,Place Of Worship,
99,0,10,2,8,Afghanistan,01/04/2020,Roadside bomb kills 7 and injures 2 in Gareshk,Public Transport,
101,1,1,0,1,Afghanistan,30/03/2020,Roadside bomb kills 1 civilian and injures a soldier,Village,
102,2,0,0,0,Afghanistan,02/04/2020,2 intelligence operatives injured in landmine blast in Pul-i-Khumri,Urban Residential,
104,8,0,0,0,Afghanistan,05/04/2020,6 Taliban killed in airstrike in Tarinkot city,No Information,
108,0,11,8,3,Afghanistan,07/04/2020,3 civilians killed and 8 injured in mortar attack - one report US airstrike,Urban Residential,
111,0,5,3,2,Afghanistan,16/04/2020,2 Afghan national killed and 3 injured in hand grenade attack,No Information,
112,0,4,1,3,Afghanistan,18/04/2020,Mortar attack killed 3 in Paktiya,No Information,
119,0,1,0,1,Afghanistan,24/03/2020,Woman killed in mortar fire by security forces,Village,
121,2,0,0,0,Afghanistan,23/03/2020,Roadside bomb near police checkpoint kills 1 and wounds 1,Police Station,
124,0,3,2,1,Afghanistan,18/03/2020,1 killed and 2 wounded by bomb attached to vehicle in Bodana Qala area,Village,
126,6,0,0,0,Afghanistan,17/03/2020,3 soldiers killed and 3 wounded in roadside bombing in Dorahi Tangi area,Road,
128,4,0,0,0,Afghanistan,11/03/2020,Policeman killed and 3 injured in roadside bombing in Chinzai area,Road,
134,2,0,0,0,Afghanistan,14/04/2020,Roadside bomb blast near checkpoint in Bandar-e-Shakh area kills 1 militia member,Armed Base,
135,0,3,2,1,Afghanistan,13/04/2020,Roadside bomb hits tribal elder vehicle in Shakotay area of Lalpura,Road,
136,0,5,2,3,Afghanistan,10/04/2020,Roadside bomb kills 3 civilians at a picnic site in Huthghar area ,Entertainment,
137,4,0,0,0,Afghanistan,05/04/2020,Roadside bomb hits police vehicle in Greshk district,Road,
138,4,0,0,0,Afghanistan,05/04/2020,Roadside bomb hits military vehicle in Alti Bolak village,Village,
139,0,8,6,2,Afghanistan,03/04/2020,Afghan air force helicopter bomb house in Chashme-e-Shir area wounding 8 civilians,Urban Residential,
141,4,0,0,0,Afghanistan,03/04/2020,Roadside bomb kills 1 police officer and wounds 3 ,Road,
144,0,3,2,1,Afghanistan,28/03/2020,6yo child killed and 2 children wounded as they triggered roadside bomb as they played,Urban Residential,
145,4,0,0,0,Afghanistan,21/04/2020,Police chief's car hits roadside bomb in Paato district killing 3 police and wounding chief,Road,
148,0,13,12,1,Afghanistan,25/04/2020,"1 killed and 12 injured, including women and children, in mortar shelling",Village,
151,8,0,0,0,Afghanistan,25/04/2020,8  insurgents killed in airstrike in Nachin area,No Information,
160,13,0,0,0,Afghanistan,04/05/2020,5 Afghan security members and 7 wounded in truck bomb blast in Grishk district,No Information,
161,0,20,20,0,Afghanistan,03/05/2020,20 injured when Taliban fighters throw grenade in to mosque,Place Of Worship,
164,2,0,0,0,Afghanistan,27/04/2020,1 asoldier killed and 1 injured in roadside bomb blast in Maidanak,Village,
165,0,2,1,1,Afghanistan,25/04/2020,Mortar kills 1 woman and wounds child in Kamengi Oliya village - Taliban suspected,Village,
169,16,0,0,0,Afghanistan,05/05/2020,16 Taliban killed in airstrikes on Kushindi district ,No Information,
176,0,11,10,1,Afghanistan,12/05/2020,1 killed and 10 injured in roadside bombing in Sabarau district,Market,
177,6,0,0,0,Afghanistan,13/05/2020,5 Taliban killed and 1 wounded in airstrike in Chahal Bolak district,No Information,
181,0,5,3,2,Afghanistan,16/05/2020,At least 2 killed and 3 injured in bomb blast in Aino Mina town in front of mosque,Place Of Worship,
185,1,19,18,1,Afghanistan,19/05/2020,IED in motorbike detonates killing 1 police and 1 civilian outisde bazaar,Market,
190,0,10,3,7,Afghanistan,22/05/2020,7 civilians killed in airstrike on residential area in Jangal-e-Arigh,Village,
194,0,8,6,2,Afghanistan,30/05/2020,IED hits vehicle killing journalist and studio technician,Urban Residential,
204,0,1,1,0,Afghanistan,10/05/2020,Government official wounded in IED blast in PD5,Road,
205,0,1,1,0,Afghanistan,16/05/2020,"IED blast in Taimani area in PD4, targeting a police vehicle. One wounded.",Urban Residential,
206,0,2,2,0,Afghanistan,18/05/2020,Roadside bomb blast in PD17 in Kotal-e-Khairkhana area. Target was a security forces vehicle. Two wounded.,Urban Residential,
207,0,2,2,0,Afghanistan,18/05/2020,2 IED blasts in PD11 injure 2. Target said to be police vehicle,Urban Residential,
208,0,2,2,0,Afghanistan,22/03/2020,2 roadside bomb blasts in PD19. Two wounded,Urban Residential,
209,2,0,0,0,Afghanistan,12/04/2020,"2 wounded by magnetic IED blast in PD11, targeting police vehicle",Road,
219,4,0,0,0,Afghanistan,28/05/2020,Roadside bomb kill police officer and wounds 3 in Hisa-e-Duwum District,Road,
221,0,3,0,3,Afghanistan,25/05/2020,3 children killed in bomb in village in Moqor district - Taliban blamed,Village,
223,1,0,0,0,Afghanistan,25/05/2020,1 police officer killed in roadside bomb explosion to get to previous blast,Road,
224,2,0,0,0,Afghanistan,21/05/2020,Roadside bomb kills 1 police and wounds 1 in Tangari Dari area,Road,
225,2,0,0,0,Afghanistan,20/05/2020,1 police killed and wounded 1 in roadside bomb blast in Katta-Chashma,Village,
226,0,7,0,7,Afghanistan,20/05/2020,Afghan air strike on Jangal Ariq village killing 7,Village,
227,0,4,2,2,Afghanistan,20/05/2020,2 killed and 2 wounded in drone strike on home in Mafaly village,Village,
228,0,3,0,3,Afghanistan,20/05/2020,3 killed in Afghanistan helicopter rocket attack on Basoos village,Village,
229,2,0,0,0,Afghanistan,20/05/2020,Roadside bomb kills soldier in Pal-e-Hashimi village,Village,
230,9,0,0,0,Afghanistan,16/05/2020,3 police killed and 6 wounded by Taliban rocket in Moqor district,No Information,
232,5,0,0,0,Afghanistan,14/05/2020,5 commandos killed in rocket attack in Dawlat Abad district,No Information,
233,6,0,0,0,Afghanistan,14/05/2020,Roadside bomb in Dawlat Abad district killed 4 soldiers and wounded 2,Road,
237,1,0,0,0,Afghanistan,08/05/2020,Roadside bomb kills 1 police officer in 10th Police District near checkpoint,Armed Base,
238,2,0,0,0,Afghanistan,05/05/2020,Roadside bomb kills 2 police in Narimanda area of Nadali District,Road,
242,5,0,0,0,Afghanistan,12/06/2020,2 public uprising forces members killed in roadside bomb blast in Gardez,Urban Residential,
244,0,2,1,1,Afghanistan,15/06/2020,1 child killed and 1 wounded inmortar attack on home in Asfinda area,Urban Residential,
246,0,4,1,3,Afghanistan,17/06/2020,3 killed and 1 child injured in Suraki area of Zurmt district,Road,
247,14,0,0,0,Afghanistan,18/06/2020,Artillery shelling kills 13 Taliban and injures 1 when they attack base in Mianshin,Armed Base,
248,4,0,0,0,Afghanistan,18/06/2020,4 Taliban killed in airstrike on Sar Hawza district,No Information,
252,0,9,5,4,Afghanistan,24/06/2020,4 civilians killed in strike on farmer's home in Wazirabad by Afghan forces - claim Taliban killed,Village,
260,0,2,1,1,Afghanistan,02/07/2020,Bomb blast on  vehicle of the chief executive of Sorkhroad District exploded in the Pashtunistan Wat area,Urban Residential,
262,5,6,5,1,Afghanistan,01/07/2020,As first responders arrive second roadside bomb detonates killing 1 civilian,Urban Residential,
266,0,5,4,1,Afghanistan,27/06/2020,4yo girl killed by in Afghan mortar attack on Taliban-controlled village,Village,
267,0,3,2,1,Afghanistan,27/06/2020,"2 roadside bombs exploded in the Charchangho village of Mangajik District, killing one child",Village,
269,4,0,0,0,Afghanistan,23/06/2020,2 police killed by IED when trying to defuse another bomb in Chehel-gazi village,Village,
270,0,2,1,1,Afghanistan,23/06/2020,"A mortar shell fired by the Taliban hit a house, killing one civilian and wounding another",Urban Residential,
271,6,0,0,0,Afghanistan,20/06/2020,"Roadside bomb in Khwarestan area of Moqor District, killing three local police",No Information,
272,0,1,0,1,Afghanistan,19/06/2020,1 killed by roadside bomb in Somak village,Village,
275,0,3,0,3,Afghanistan,17/06/2020,3 children killed in roadside bomb blast in Pa-e-Kamar,Village,
277,5,0,0,0,Afghanistan,15/06/2020,5 police killed by roadside bomb in Balaik area,Road,
279,1,0,0,0,Afghanistan,14/06/2020,Roadside bomb kills 1 police officer in Kotal-e-Morgh area,Road,
280,0,8,7,1,Afghanistan,12/06/2020,1 killed and 7 wounded in rocket fire by taliban hit village,Village,
282,0,2,1,1,Afghanistan,11/06/2020,1 killed and 1 wounded in roadside bomb explosion in Hewad-wal square,Urban Residential,
283,0,4,3,1,Afghanistan,10/06/2020,1 child killed and 3 wounded by Taliban bomb explosion in Tarbulaq village,Village,
285,0,2,0,2,Afghanistan,30/05/2020,2 shepherds killedby roadside bomb near security outpost of village,Village,
286,0,2,1,1,Afghanistan,29/05/2020,1 child killed and 1 wounded in bomb explosion in Pozalich village,Village,
291,1,1,1,0,Afghanistan,04/07/2020,"2, including a civilian, injured in magnetic bomb blast",Urban Residential,
292,6,0,0,0,Afghanistan,04/07/2020,Roadside bomb kills 2 security forces and injures 4 in Daikundi,Road,
299,0,3,0,3,Afghanistan,11/07/2020,3 killed when mortar hits house in Sultankhel village- locals accuse government forces,Village,
304,0,1,1,0,Afghanistan,14/07/2020,Woman wounded by mortar shell in Mamond tehsil,Urban Residential,
305,0,13,9,4,Afghanistan,15/07/2020,4 killed and 9 wounded in mortar shelling from Pakistan that landed on border village - some report 8 killed,Village,
312,18,0,0,0,Afghanistan,20/07/2020,Suicide car bomber kills 8 soldiers in Sayed Abad district,Road,
313,0,2,1,1,Afghanistan,21/07/2020,1 staff of a local logistic group killed and 1 wounded  by IED detonated on doorstep of the firm in Pul-e-Khumri,Commercial Premises,
314,0,1,0,1,Afghanistan,21/07/2020,1 killed by roadside bomb in Sah Wali Kot,Road,
316,36,0,0,0,Afghanistan,21/07/2020,US airstrikes killed 36 Taliban in Khakriz district,No Information,
321,0,5,1,4,Afghanistan,24/07/2020,4 killed and 1 injured in roadside bomb explosion in Pul-e-Khumri,Urban Residential,
331,0,95,80,15,Afghanistan,31/07/2020,At least 9 killed and 50 wounded in Pakistan cross border shellng on residential areas in Spin Boldak,Urban Residential,
335,4,0,0,0,Afghanistan,29/07/2020,Roadisde bomb kills 3 police in nachin area in Tarin Kot,Road,
336,5,0,0,0,Afghanistan,26/07/2020,taliban roadside bomb kills 4 soldiers in Koshk-e-Sirwan village,Village,
339,0,10,8,2,Afghanistan,22/07/2020,Afghan air force bomb home killing woman and child due to incorrect intelligence,Village,
344,0,10,5,5,Afghanistan,20/07/2020,5 killed and 5 injured in Afghan airstrikes on Larkhabi village after Taliban left the area,Village,
345,0,3,0,3,Afghanistan,18/07/2020,3 killed when their vehicle was blown up by the Taliban in Tarin Kot,Road,
347,4,0,0,0,Afghanistan,09/07/2020,Rocket fired by Taliban hits security Humvee killing 4 soldiers,Urban Residential,
348,0,7,1,6,Afghanistan,08/07/2020,Mortar fired by security forces kils 6 civilians in Pul-i-Khumri,Urban Residential,
351,0,5,3,2,Afghanistan,04/08/2020,2 killed in roadside bomb blast in Shingal district,Road,
360,0,8,0,8,Afghanistan,09/08/2020,Van hits mine in Tajaw village killing 8 civilians,Village,
361,0,2,2,0,Afghanistan,10/08/2020,2 wounded in explosion of sticky bomb on car in Makroryan-e-Charum,Urban Residential,
368,6,0,0,0,Afghanistan,18/08/2020,6 guards injured in rocket attack on palace compound,Public Building,
371,0,4,4,0,Afghanistan,19/08/2020,"Bomb blast struck military vehicle injuring 4, including soldiers in Pul-e-Khumri",School,
383,1,0,0,0,Afghanistan,24/08/2020,3 soldiers killed and 6 injured in Taliban suicide car bomb attack in Dih Yak district,Armed Base,
398,2,0,0,0,Afghanistan,25/08/2020,Police chief and officer killed by IED in Faizabad,No Information,
400,5,0,0,0,Afghanistan,27/08/2020,Roadisde bomb kills 4 soldiers in Timorak village,Village,
402,5,0,0,0,Afghanistan,26/08/2020,Afghan mortar fire accidentally targets own army killing 5 soldiers,Village,
403,0,2,0,2,Afghanistan,26/08/2020,2 killed in roadside bomb in Sorkhbaid area ,Village,
405,0,5,4,1,Afghanistan,23/08/2020,Taliban mortar fire hit home in Bandar-e-Shorab area of Khan Abad District in 10yo child,Urban Residential,
406,0,3,0,3,Afghanistan,23/08/2020,3 killed in roadside bomb explosion in Shawalikot district,Road,
407,0,3,0,3,Afghanistan,22/08/2020,2 engineers and one driver for gas company killed by a roadside bomb in the Jarqudoq area,Urban Residential,
408,2,4,4,0,Afghanistan,21/08/2020,Car bomb targets police checkpoint in bazaar area of Greskh district killing 2 police and injuring 4 others,Market,
409,12,0,0,0,Afghanistan,21/08/2020,Roadside bomb kill 10 police and soldiers and injures 2 in Yakhdan village,Village,
411,0,7,0,7,Afghanistan,20/08/2020,7 killed in roadside bomb explosion in Badgah village ,Village,
413,2,4,0,4,Afghanistan,19/08/2020,Taliban rocket fire on car killed 3 soldiers and 4 civilians in Haq al-Oboor area of Shirkhan Port,Transport Related Infrastructure,
415,0,13,8,5,Afghanistan,17/08/2020,Mortar hits home in Laghano village killing 5 and injuring 8,Village,
416,2,0,0,0,Afghanistan,17/08/2020,Taliban mortar hits security post in Sang-e-Atash killing police officer,Armed Base,
417,0,2,0,2,Afghanistan,17/08/2020,2 killed in roadside bomb blast in Mehlan area of Gardez,Urban Residential,
418,3,2,0,2,Afghanistan,17/08/2020,Afghan airstrike kills 2 civilians and 3 Taliban in airstrike on Bori village,Village,
422,0,12,7,5,Afghanistan,10/08/2020,5 killed and 7 injured in mortar attack on home in Qaziha village,Village,
423,3,0,0,0,Afghanistan,09/08/2020,"Bomb explosion in the center of Momandara District, killing one soldier",No Information,
428,0,1,0,1,Afghanistan,01/08/2020,1 killed by Taliban roadside bomb in Tarin Kot,Urban Residential,
431,0,3,0,3,Afghanistan,03/09/2020,Father and son killed in landmine blast in Pachiragam district,Village,
433,49,0,0,0,Afghanistan,02/09/2020,37 Taliban killed in airstrikes in Kaysar and Khwaja Sabzaposh,No Information,
434,2,0,0,0,Afghanistan,04/09/2020,2 Taliban fighters killed in Afghan airstrike on camp in Qaysar,No Information,
435,8,0,0,0,Afghanistan,05/09/2020,8 Taliban killed in airstrikes on gathering in Charbolak district,No Information,
439,0,2,1,1,Afghanistan,07/09/2020,1 killed and 1 wounded when tricycle hit IED in Zharay district,No Information,
440,1,25,15,10,Afghanistan,09/09/2020,10 killed in suicide attack targeting Afghan VP who sustained some wounds - as many as 31 injured,Commercial Premises,
441,2,0,0,0,Afghanistan,08/09/2020,Roadside bomb kills 2 police in Daikundi province,Road,
442,0,2,0,2,Afghanistan,08/09/2020,2 killed in roadside bomb blast in Darabad district,Road,
445,0,2,0,2,Afghanistan,11/09/2020,Roadside bomb kills 2 in Anjargi area in Shah Walikot district,Road,
448,11,0,0,0,Afghanistan,12/09/2020,6 Taliban killed and 5 injured in airstrike in Gunda Chashma area of the district,No Information,
449,5,0,0,0,Afghanistan,12/09/2020,1 police killed and 3 injured in car bomb explosion at checkpoint in Maiwand,Armed Base,
451,0,2,2,0,Afghanistan,13/09/2020,2 civilians wounded in roadside bomb in Mirwais Mina,Urban Residential,
452,4,0,0,0,Afghanistan,15/09/2020,1 intelligence officer killed and 3 NDS injured in roadside bomb explosion,Road,
456,10,0,0,0,Afghanistan,19/09/2020,1 killed and 8 injured in suicide car bomb in Golaee Khasa village,Village,
457,0,6,5,1,Afghanistan,19/09/2020,1 woman killed and 5 injured wounding in bomb blast in Mazar-e Shariff,Urban Residential,
461,0,9,6,3,Afghanistan,24/09/2020,3 killed and 6 injured in mortar shelling on home in Khan Abaad district ,Urban Residential,
465,0,16,2,14,Afghanistan,29/09/2020,14 killed in roadside bomb blast in Daikundi province and 3 wounded,Road,
470,0,2,0,2,Afghanistan,30/09/2020,2 killed by roadside bomb blast in Dawlat Yar district,Road,
471,0,1,0,1,Afghanistan,29/09/2020,Roadside bomb killed 1 in Dawlat yar district,Road,
472,1,55,40,15,Afghanistan,03/10/2020,"15, including civilians killed in suicide attack on government building near mosque and school",Public Building,
473,4,0,0,0,Afghanistan,02/10/2020,4 Taliban killed in roadside bomb blast in Shah Wali Kot,Road,
474,7,32,28,4,Afghanistan,05/10/2020,Suicide attack kills 8 and wounds 28 as attacker rammed his explosives-filled vehicle into the convoy of Rahmatullah Yarmal,Road,
476,3,0,0,0,Afghanistan,01/10/2020,Taliban roadside bomb kills 1 police officer and 2 wounded,Village,
477,0,2,0,2,Afghanistan,28/09/2020,Taliban roadside bomb kills 2 on motorcycle,Village,
478,0,2,0,2,Afghanistan,28/09/2020,Taliban roadside bomb kills 2 children in Pay-Hesar village,Village,
482,3,0,0,0,Afghanistan,21/09/2020,Roadside bomb near security post in Moqor ,Armed Base,
485,3,0,0,0,Afghanistan,07/09/2020,Police officer killed in roadside bomb in Makaki area of Kand district,Road,
486,4,0,0,0,Afghanistan,19/09/2020,Police chief killed and 3 soldiers injured in Ata Khona area,Road,
487,0,2,1,1,Afghanistan,18/09/2020,Taliban mine killed farmed and wounded son in Mianashin District,No Information,
488,1,0,0,0,Afghanistan,18/09/2020,Second mine explodes in Mianashin District killing soldier trying to evacuate wounded ,No Information,
489,1,0,0,0,Afghanistan,18/09/2020,Roadside bomb in Konjak area killed 1 police,No Information,
490,0,11,10,1,Afghanistan,17/09/2020,Grenade explosion in potato field kills child and wounds 10,Agricultural Land,
491,0,2,1,1,Afghanistan,15/09/2020,1 killed and 1 wounded in roadside bomb explosion in Qala-e-Naw,Urban Residential,
493,5,0,0,0,Afghanistan,14/09/2020,Taliban car bomb targeted outpost in Aziz Abad,Village,
494,6,0,0,0,Afghanistan,13/09/2020,1 police killed and 5 injured in Taliban roadside bomb blast in Ali Abad district,Road,
495,4,0,0,0,Afghanistan,13/09/2020,Roadside bomb explosion kills 4 soldiers in Shiniyah,Village,
496,0,1,0,1,Afghanistan,06/09/2020,Farmer killed by bomb planted in wheatfield in Masjid-e-Sabz village,Village,
497,0,3,0,3,Afghanistan,05/09/2020,3 killed in roadside bomb explosion in Band-e-Ali district,Village,
500,3,0,0,0,Afghanistan,07/10/2020,Suicide car bomber shot at exploding vehicle and injuring 2 soldiers,Armed Base,
507,1,0,0,0,Afghanistan,13/10/2020,Police offider killed by IED targeting vehicle in Paghman,Road,
509,0,15,10,5,Afghanistan,14/10/2020,5 children killed and 10 wounded when vehicle hit roadside bomb ,Village,
510,1,16,13,3,Afghanistan,14/10/2020,3 killed and 14 wounded by magnetic bomb on police vehicle,No Information,
515,0,4,4,0,Afghanistan,17/10/2020,4 injured in roadside bomb blast in Shakay village,Village,
518,0,4,2,2,Afghanistan,18/10/2020,2 women killed and 2 children injured in Taliban rocket fire on Deh Rawood,Urban Residential,
527,7,0,0,0,Afghanistan,25/10/2020,7 Taliban killed in airstrike on Tooat locality ,No Information,
528,11,0,0,0,Afghanistan,25/10/2020,10 Taliban killed and 1 wounded in Afghan airstrike,No Information,
540,1,44,22,22,Afghanistan,02/11/2020,22 killed and others injured in suicide bombing and gun attack at university,School,
542,4,0,0,0,Afghanistan,02/11/2020,2 security personnel and 2 wounded in car bomb in Zarmat district,Armed Base,
553,0,3,1,2,Afghanistan,25/10/2020,Roadside bomb in Wayand area of Shawalikot District kills 2 ,Road,
554,0,1,0,1,Afghanistan,25/10/2020,10-year-old child was killed by a roadside bomb placed by the Taliban in the village of Shah-Bidak,Village,
555,0,4,0,4,Afghanistan,25/10/2020,Four children were killed when they stepped on a roadside bomb planted by the Taliban in Kotwal village,Village,
556,0,2,1,1,Afghanistan,22/10/2020,"Roadside bomb exploded in Dehrawoud District, killing one civilian and wounding another",Road,
557,0,2,0,2,Afghanistan,22/10/2020,"A vehicle was hit by a roadside bomb in Ab-Kamari District, killing two civilians",Road,
559,0,3,1,2,Afghanistan,18/10/2020,2 killed and 1 injured in roadside bomb in Koshk-e-Robat Sangi District,Road,
560,0,1,0,1,Afghanistan,18/10/2020,A woman was killed by a roadside bomb in Dehrawoud District,Road,
561,4,0,0,0,Afghanistan,18/10/2020,"Bomb attached to a military vehicle exploded in the 10th Police District, killing 1",Urban Residential,
563,4,0,0,0,Afghanistan,16/10/2020,Police officer was killed and three others were wounded by roadside bomb in Koshk-e-Robat Sangi District,Road,
564,0,5,0,5,Afghanistan,14/10/2020,"A roadside bomb planted by the Taliban exploded against a civilian vehicle in Asmar District, killing five civilians",Road,
565,3,0,0,0,Afghanistan,14/10/2020,2 police killed and 1 wounded by roadside bomb in the village of Kariz Elyas,Village,
567,0,2,1,1,Afghanistan,13/10/2020,Child killed and another wounded when donkey stepped on a roadside bomb in the village of Sang-e-Atash,Village,
569,10,3,0,3,Afghanistan,10/10/2020,"Two roadside bombs hit a military convoy in Sar-i-Pul City, killing 10 soldiers and three civilians",Urban Residential,
570,0,1,0,1,Afghanistan,09/10/2020,Civilian killed after steppingo n roadside bomb in the village of Madrasah,Village,
571,8,0,0,0,Afghanistan,08/10/2020,Roadside bomb in Khashrud District kills two police officers and wounding six,Road,
573,2,0,0,0,Afghanistan,05/10/2020,1 police killed roadside bomb in Lashkar Gah,Road,
575,0,1,0,1,Afghanistan,04/10/2020,Tribal elder was killed when a bomb attached to his vehicle exploded in the First Police District of Gardiz,Urban Residential,
576,0,2,0,2,Afghanistan,03/10/2020,2 children were killed by a roadside bomb explosion in the Nadi village,Village,
586,4,0,0,0,Afghanistan,09/11/2020,4 police injured in roadside bomb blast in Braman area,Road,
587,0,5,3,2,Afghanistan,09/11/2020,Roadside bomb blast kills 2 civilians and injures 3 in Haji Manan Aka village,Village,
590,3,0,0,0,Afghanistan,11/11/2020,2 police killed and 1 injured in IED blast in Khair Khana neighbourhood,Urban Residential,
600,5,0,0,0,Afghanistan,18/11/2020,5 police killed in roadside bom blast in Qaramqul district,Road,
603,1,3,3,0,Afghanistan,21/11/2020,2 sticky bombs explode killing 1 policemean and wounding 3,Urban Residential,
610,2,57,45,12,Afghanistan,24/11/2020,14 killed and 45 wounded by two explosion in marketplace in Bamiyan,Market,
613,0,4,4,0,Afghanistan,28/11/2020,4 injured in magnetic IED explosion in Khair Khana area,Urban Residential,
614,0,3,3,0,Afghanistan,28/11/2020,IED injures 3 in magnetic IED explosion in Omid-e-Sabz,Urban Residential,
624,4,19,19,0,Afghanistan,03/12/2020,Suicide car bomber kills 3 intelligence officers in eastern Afghanistan - 19 civilians wounded,Commercial Premises,
626,18,0,0,0,Afghanistan,05/12/2020,At least 16 Taliban killed in airstrike on Nad Ali,No Information,
631,1,0,0,0,Afghanistan,30/11/2020,Highway battalion killed by sticky bomb attached to vehicle near Qalat,No Information,
632,1,2,2,0,Afghanistan,22/11/2020,One pro-gov militia killed and 2 civilians wounded in motorcycle bombing in the center of Pashto Zarghoon District,Town Centre,
637,5,0,0,0,Afghanistan,14/11/2020,Taliban rocket fire hits security outpost killing 3 commandos,Armed Base,
638,0,2,0,2,Afghanistan,12/11/2020,2 killed by Taliban planted bomb inside Gorziwan District’s old court office,Public Gathering,
639,3,0,0,0,Afghanistan,12/11/2020,2 pro-gov fighters killed in roadside bomb explosion in Dawlat Abad district,Road,
640,0,1,0,1,Afghanistan,10/11/2020,Bomb attached to businessman's vehicle explodes killing 1 ,Road,
642,6,0,0,0,Afghanistan,09/11/2020,Taliban car bomb explosion in Geresk district kills 5 soldiers and wound 1,Armed Base,
643,0,6,5,1,Afghanistan,09/11/2020,1 killed and 5 injured in explosion in Maidan Shar,No Information,
646,0,2,0,2,Afghanistan,07/11/2020,2 killed in roadside bomb in Firoz Koh,Road,
647,1,0,0,0,Afghanistan,05/11/2020,Bomb attached to pro-gov forces vehicle in Mahmod Raqi killing commander,Urban Residential,
648,3,0,0,0,Afghanistan,05/11/2020,Soldier killed and 2 wounded in roadside bomb explsion in Khuram O Sarbagh District,Road,
649,16,3,0,3,Afghanistan,05/11/2020,Bomb explosion in Sholgara District kills 3 civilians and wounds 16 armed forces,No Information,
651,5,0,0,0,Afghanistan,02/11/2020,3 police killed and 2 wounded after roadside bomb explosion in Ab-Kamari district,Road,
653,0,1,0,1,Afghanistan,01/11/2020,1 killed in roadside bomb explosion in Bagrammi district,No Information,
666,0,35,20,15,Afghanistan,18/12/2020,15 killed in suspected rickshaw bomb at Koran recitation ceremony - Taliban report as UXO blast,Place Of Worship,
670,0,6,4,2,Afghanistan,19/12/2020,2 killed and 4 injured in roadside bomb blast in Greshk district,Road,
679,5,8,5,3,Afghanistan,22/12/2020,3 killed in car bomb explosion in Dawlat Abad district,Commercial Premises,
682,3,0,0,0,Afghanistan,23/12/2020,1 police killed and 2 others injured by explosion of magnetic IED attached to their vehicle,No Information,
690,12,0,0,0,Afghanistan,25/12/2020,7 Taliban killed in Chomtal district by airstrike,No Information,
693,11,0,0,0,Afghanistan,27/12/2020,9 al-Qaeda members killed in Afghan airstrikes in Nawa,No Information,
697,0,2,1,1,Afghanistan,31/12/2020,"A driver of Administrative Office of country's Presidential Palace, was killed and his boss injured in IED blast",Urban Residential,
704,2,0,0,0,Afghanistan,23/12/2020,Roadside bomb kills 1 soldier and wounds another in Aab Pashak area,Road,
705,0,3,1,2,Afghanistan,22/12/2020,2 killed and 1 wounded in roadside bomb explosion in Malang village,Village,
706,5,0,0,0,Afghanistan,20/12/2020,3 police killed and 2 wounded in Taliban rocket fire ,Market,
708,2,0,0,0,Afghanistan,16/12/2020,Magnetic bomb kills 1 police officer and wounds abother in Sar-e-Sayyad area,No Information,
709,0,2,0,2,Afghanistan,14/12/2020,2 killed in Taliban roadside bomb in Jabadar area ,Urban Residential,
